method,metric,paired_mean_difference_vs_plain,paired_median_difference_vs_plain,ci95_low,ci95_high
NORMALIZED_POV_L1,collision,0.057291666666666664,0.0,-0.020833333333333332,0.140625
NORMALIZED_POV_L1,terminal_goal_error,-0.18305046847220566,-0.134854574145988,-0.21650498461310827,-0.15098862264197663
NORMALIZED_POV_L1,trajectory_distortion_vs_plain,3.8221279631058374,3.7453051805496216,3.683518288315584,3.9655626169095437
DAMPED_POV_L05,collision,-0.14583333333333334,0.0,-0.19791666666666666,-0.09895833333333333
DAMPED_POV_L05,terminal_goal_error,-0.14226197338812527,-0.09865595221168175,-0.1581713030413746,-0.12646113176506793
DAMPED_POV_L05,trajectory_distortion_vs_plain,1.954520198206107,1.9908246397972107,1.9012819362649072,2.0064977730313935
DAMPED_POV_L025,collision,-0.13020833333333334,0.0,-0.17708333333333334,-0.08333333333333333
DAMPED_POV_L025,terminal_goal_error,-0.07475411720728913,-0.049773385835996053,-0.08228889723868979,-0.06715584191677017
DAMPED_POV_L025,trajectory_distortion_vs_plain,0.9939613789319992,1.0294673442840576,0.9703495357884093,1.0169299417330573
