method,task_id,seed,collision,success,min_clearance,joint_limit_violation,velocity_violation,acceleration_violation,terminal_goal_error,joint_path_length,ee_path_length,smoothness,acceleration_cost,jerk_cost,reference_distance,terminal_joint_error,planning_latency_sec,fm_latency_sec,projection_latency_sec,projection_solver_latency_sec,projection_calls,failed_projection_solves,projection_correction_sum,trajectory_distortion_vs_plain,projection_failure_rate,trigger_fraction,zero_projection_trajectory
POV_L05_ADAPTIVE_NO_LAST,0,0,0.0,0.0,0.06484376683168482,0.0,0.25125325884819016,2.599729299545288,0.47172423187374524,3.1407644829849235,0.8702979136280684,0.05552281857432673,55.52281857432672,13179.810114003776,0.10999148565017514,1.4591354561854395,1.3354780449881218,0.04967382794711739,1.2120422820444219,0.13247162010520697,6.0,0.0,20.985330164119052,0.3751879930496216,0.0,0.8571428571428571,0.0
POV_L05_ADAPTIVE_NO_LAST,0,1,0.0,0.0,0.03272325069382298,0.0,0.19196824398040757,3.07802677154541,0.4674194714699823,2.9907401710258856,0.8513174521410833,0.06749302135207857,67.49302135207857,16676.33205812658,0.1368270866002083,1.4803959020062698,1.5179756680154242,0.04913099197437987,1.39525944594061,0.14807086787186563,6.0,0.0,22.218966814001146,0.570865273475647,0.0,0.8571428571428571,0.0
POV_L05_ADAPTIVE_NO_LAST,0,2,0.0,0.0,0.045594480066157,0.0,0.314890008831024,0.9826046228408813,0.437843240874211,3.073380446035685,0.8338812044173639,0.048180611481205116,48.18061148120512,10728.219918560279,0.1467643227416253,1.3855902533054985,1.6043131420155987,0.04970122792292386,1.4794575991109014,0.15982666000491008,6.0,0.0,16.113818079943506,0.49204543232917786,0.0,0.8571428571428571,0.0
POV_L05_ADAPTIVE_NO_LAST,0,3,0.0,0.0,0.059938073937974304,0.0,0.20445333089828477,1.6928088665008545,0.46153015202873715,3.102831518033142,0.8933345231910305,0.0456315584857033,45.631558485703295,9661.076840421474,0.09886388799087657,1.498567782839767,1.1474665940040722,0.049574794073123485,1.0246581860701554,0.11448991997167468,6.0,0.0,17.846895729162444,0.3777545094490051,0.0,0.8571428571428571,0.0
POV_L05_ADAPTIVE_NO_LAST,0,4,0.0,0.0,0.042721079925021485,0.0,0.29247478809356675,1.2860369682312012,0.4723861468845028,3.0069389363432504,0.8182952864559488,0.061936763901377784,61.93676390137778,15814.755059018142,0.1381456093363277,1.453460552487285,1.417318238003645,0.04893845797050744,1.2954734459635802,0.1407950329594314,6.0,0.0,24.881385067267605,0.6914100050926208,0.0,0.8571428571428571,0.0
POV_L05_ADAPTIVE_NO_LAST,0,5,0.0,0.0,0.04706551252041165,0.0,0.3292156871795653,3.393239974975586,0.43824281688922145,3.1159855265527625,0.876743465160392,0.054960005800130406,54.96000580013041,12768.871770790953,0.1333967651564274,1.3729349661279424,1.1390144529868849,0.048953786958009005,1.0171171119436622,0.11145162023603916,6.0,0.0,17.30041670853733,0.4741266369819641,0.0,0.8571428571428571,0.0
POV_L05_ADAPTIVE_NO_LAST,0,6,0.0,0.0,0.04382605603680542,0.0,0.19009218778610215,5.553479194641113,0.44372223242588094,3.0531772725622845,0.8749071348495012,0.09068760758965977,90.68760758965978,21899.15905096751,0.15213143237327278,1.5063730007044904,1.5050022250507027,0.048625512048602104,1.3835769240395166,0.14841432293178514,6.0,0.0,20.25620833509093,0.6229286193847656,0.0,0.8571428571428571,0.0
POV_L05_ADAPTIVE_NO_LAST,0,7,0.0,0.0,0.04744435836988527,0.0,0.29702798690795884,3.4178954362869263,0.4712618070781009,3.054739339774092,0.8906442170545363,0.0883320668291051,88.33206682910512,21048.840119194567,0.12874128768029847,1.4475411872233424,1.4141172709641978,0.048455844982527196,1.2925726580433547,0.13940613705199212,6.0,0.0,22.290594224341906,0.6354814171791077,0.0,0.8571428571428571,0.0
POV_L05_ADAPTIVE_NO_LAST,0,8,0.0,0.0,0.0492502689010207,0.0,0.2871285494804381,3.696866035461426,0.46409641754783115,3.061756244329807,0.8356451241314398,0.07124515297378542,71.24515297378541,17022.642630431274,0.1425710915024486,1.4698595569999122,1.3213388089789078,0.048246639082208276,1.2002751480322331,0.12971358402865008,6.0,0.0,19.531531337637944,0.4850066006183624,0.0,0.8571428571428571,0.0
POV_L05_ADAPTIVE_NO_LAST,0,9,0.0,0.0,0.05817709194631694,0.0,0.26420579519271836,3.317387104034424,0.44755446207879795,3.0416101154434916,0.8459852003211473,0.05312666154258816,53.12666154258816,10808.183438000917,0.1450727848273893,1.4650122303127264,1.3212902270024642,0.048032773134764284,1.2003494599484839,0.13100939098512754,6.0,0.0,24.906998475935108,0.6660817265510559,0.0,0.8571428571428571,0.0
POV_L05_ADAPTIVE_NO_LAST,0,10,0.0,0.0,0.04162154466018804,0.0,0.2713121589660643,2.067131996154785,0.45346327813182674,3.0271641495454635,0.8628589180613399,0.05018542165298312,50.185421652983116,11445.125627290498,0.12693344533061396,1.4205887408177977,1.419293983024545,0.048222199897281826,1.297429891943466,0.13839260512031615,6.0,0.0,24.488043958400574,0.6151778697967529,0.0,0.8571428571428571,0.0
POV_L05_ADAPTIVE_NO_LAST,0,11,0.0,0.0,0.059694819434186294,0.0,0.3738437708854674,1.9684386253356934,0.49134518816207445,2.9750408941429143,0.8722952341848043,0.07345745075756849,73.45745075756848,17987.35942087013,0.1368436320306792,1.5989944961442286,1.5169989720452577,0.04846017505042255,1.3946898819995113,0.15008551790378988,6.0,0.0,18.8997452745309,0.5222041606903076,0.0,0.8571428571428571,0.0
POV_L05_ADAPTIVE_NO_LAST,0,12,0.0,0.0,0.044556529631313596,0.0,0.30900516774654374,1.1879158020019531,0.434877481267187,3.0411489938659053,0.8462042307816207,0.050223429896152326,50.223429896152325,11742.713165556685,0.13592614523809743,1.398002673934701,1.6974807709921151,0.04827567009488121,1.575905138044618,0.17018667102092877,6.0,0.0,23.05379513169035,0.5371662974357605,0.0,0.8571428571428571,0.0
POV_L05_ADAPTIVE_NO_LAST,0,13,0.0,0.0,0.05575960966157885,0.0,0.12462617125511155,1.3064038753509521,0.45693753399839454,3.0028945492085777,0.876811118511224,0.06497043624566823,64.97043624566822,15319.077051809702,0.14354429156987575,1.5257785909175678,1.970917916041799,0.04803795303450897,1.8498834460624494,0.20014644303591922,6.0,0.0,20.213508402388968,0.6568458080291748,0.0,0.8571428571428571,0.0
POV_L05_ADAPTIVE_NO_LAST,0,14,0.0,0.0,0.061424992171814116,0.0,0.2751295384407042,0.3212881088256836,0.4423990948296474,3.078652844725082,0.8587178592117005,0.0437442057165196,43.7442057165196,9410.776414380349,0.12901887911252968,1.4588066352783526,1.2313949160161428,0.0478724620770663,1.1106368219479918,0.12058244692161679,6.0,0.0,17.26301788097978,0.3848969340324402,0.0,0.8571428571428571,0.0
POV_L05_ADAPTIVE_NO_LAST,0,15,0.0,0.0,0.057655811227510914,0.0,0.3298281249046324,4.903347492218018,0.45885025109329775,3.0168133411567033,0.8600258621570188,0.07221627231580674,72.21627231580673,17215.13535425036,0.15078090267811106,1.5166209773283108,1.3254987000254914,0.048093274992424995,1.2042286269715987,0.13038207188947126,6.0,0.0,24.180238315201635,0.8158131241798401,0.0,0.8571428571428571,0.0
POV_L05_ADAPTIVE_NO_LAST,0,16,0.0,0.0,0.051317339765067374,0.0,0.2843622979164122,0.2235126495361328,0.4234796277808528,3.110266982791012,0.8685669662014494,0.055966885037669376,55.966885037669385,12994.507608113796,0.145551927368416,1.414580324741393,1.3298979239771143,0.04996874392963946,1.2050864169141278,0.13213241094490513,6.0,0.0,19.61064149558904,0.5419869422912598,0.0,0.8571428571428571,0.0
POV_L05_ADAPTIVE_NO_LAST,0,17,0.0,0.0,0.05360035545167291,0.0,0.3297482546806334,2.0807844400405884,0.4520270033394688,2.985600063712689,0.8232077640354963,0.04831289919232751,48.31289919232751,10114.552984637392,0.1363838453845309,1.5060166610635866,1.60279996402096,0.050695693120360374,1.4792021199828014,0.15530946193030104,6.0,0.0,21.352910785288998,0.49465271830558777,0.0,0.8571428571428571,0.0
POV_L05_ADAPTIVE_NO_LAST,0,18,0.0,0.0,0.05977193800490087,0.0,0.12191222276687608,1.166684627532959,0.44992025133691776,3.0284482502712984,0.8747682235225674,0.060811386361771934,60.81138636177193,15305.766238626844,0.13848944187512857,1.556188687895333,1.513515272992663,0.05062741006258875,1.3899144880124368,0.14974241703748703,6.0,0.0,22.495239937102518,0.6402709484100342,0.0,0.8571428571428571,0.0
POV_L05_ADAPTIVE_NO_LAST,0,19,0.0,0.0,0.055657063145361785,0.0,0.1388821121692656,4.298664331436157,0.46629176705873115,3.0299114483157545,0.8428834092201499,0.062255369904781054,62.25536990478106,12630.180843178965,0.15300235543319507,1.473241124253877,1.6106066249776632,0.049140091985464096,1.4880158249288797,0.1588118740473874,6.0,0.0,21.182692694361375,0.6389355659484863,0.0,0.8571428571428571,0.0
POV_L05_ADAPTIVE_NO_LAST,0,20,0.0,0.0,0.06011134068483086,0.0,0.20689890947341905,1.2666475772857666,0.4581624946879686,3.116165078163908,0.8361137698081917,0.04841136288720263,48.41136288720264,10724.683541422588,0.12180118154287738,1.4805431580673252,1.2419212750392035,0.04856295691570267,1.1199927420238964,0.12225050007691607,6.0,0.0,17.5745668084604,0.40937674045562744,0.0,0.8571428571428571,0.0
POV_L05_ADAPTIVE_NO_LAST,0,21,0.0,0.0,0.051874111689580074,0.0,0.3269483264923094,2.1602195501327515,0.45542066283955535,3.0083517727087576,0.8486683815459979,0.05707690434836654,57.07690434836655,12316.503282906011,0.10279522291262265,1.5049653806190977,1.4282212550169788,0.04883937508566305,1.3052237461088225,0.14144703111378476,6.0,0.0,18.143375220709498,0.41052624583244324,0.0,0.8571428571428571,0.0
POV_L05_ADAPTIVE_NO_LAST,0,22,0.0,0.0,0.043736425728030326,0.0,0.2367490645885466,2.5235098600387573,0.42841335789575674,3.0003221660267787,0.8808216050618866,0.06168511685606511,61.685116856065115,13165.660940962623,0.13808375387526417,1.467174873438441,1.5160571549786255,0.04856301605468616,1.3938911280129105,0.1500780270434916,6.0,0.0,21.727062280051907,0.584182858467102,0.0,0.8571428571428571,0.0
POV_L05_ADAPTIVE_NO_LAST,0,23,0.0,0.0,0.044902067629630116,0.0,0.2960592624187468,4.272241592407227,0.46680583195375885,3.006865155278552,0.8292014398240484,0.07492426009753428,74.92426009753427,13963.657822446843,0.15682041302007171,1.4742845035409426,1.7947220639907755,0.048414732969831675,1.6728465460473672,0.18043753696838394,6.0,0.0,24.016782381479064,0.7659124732017517,0.0,0.8571428571428571,0.0
POV_L05_ADAPTIVE_NO_LAST,0,24,0.0,0.0,0.06242951281313511,0.0,0.2844153460502623,1.672048568725586,0.45364683550428053,3.0919062410685947,0.8766427196644918,0.04652423624614643,46.52423624614644,9717.882760121965,0.12007610806271744,1.5254003199896162,1.3269707699655555,0.04829520109342411,1.2054844829253852,0.12751518690492958,6.0,0.0,20.083788021910188,0.4683133065700531,0.0,0.8571428571428571,0.0
POV_L05_ADAPTIVE_NO_LAST,0,25,0.0,0.0,0.05209907825652006,0.0,0.3079424914360045,1.5280944108963013,0.44991826689397163,3.001686070797701,0.8526597483340077,0.04769924912520825,47.699249125208254,9278.582532119535,0.12689983906021124,1.509919848537865,1.4183640530100092,0.04828272887971252,1.2967510800808668,0.13867012597620487,6.0,0.0,23.173256870743575,0.5259900689125061,0.0,0.8571428571428571,0.0
POV_L05_ADAPTIVE_NO_LAST,0,26,0.0,0.0,0.04965452238495578,0.0,0.20933960791826234,3.03987979888916,0.44486480531650435,3.1091685850054653,0.8536272003967639,0.05968277410691644,59.68277410691644,13785.47681330899,0.13030944804775066,1.4161806062228368,1.5156188789987937,0.04855388810392469,1.3932536990032531,0.1476874920190312,6.0,0.0,17.980599311973293,0.4418680667877197,0.0,0.8571428571428571,0.0
POV_L05_ADAPTIVE_NO_LAST,0,27,0.0,0.0,0.04147155222040701,0.0,0.17444030609130845,1.8700134754180908,0.459773148850126,2.9347709384009835,0.8063004811523302,0.06219535660194919,62.1953566019492,13700.958457324687,0.15987156974153582,1.4887784401813815,1.6144636469543912,0.04866679006954655,1.4918974379543215,0.15929497603792697,6.0,0.0,23.734367669622166,0.6809168457984924,0.0,0.8571428571428571,0.0
POV_L05_ADAPTIVE_NO_LAST,0,28,0.0,0.0,0.0509435862738694,0.0,0.2365104969978331,0.4913640022277832,0.4202146608906753,3.1230484104889715,0.856466349516418,0.048578601177942105,48.578601177942105,10951.910644153528,0.17290582053969356,1.3711368966881634,1.6077826409600675,0.04836323001654819,1.4859264429542236,0.1616865280084312,6.0,0.0,17.69149762847529,0.38825488090515137,0.0,0.8571428571428571,0.0
POV_L05_ADAPTIVE_NO_LAST,0,29,0.0,0.0,0.05370360318546323,0.0,0.16233326163291917,5.248756408691406,0.4915236980051779,2.9841556941549503,0.8136836352877861,0.09118961689914684,91.18961689914684,24481.97994243866,0.1717379152678778,1.5567772484902695,1.6052393430145457,0.04843134304974228,1.483274391910527,0.15605959098320454,6.0,0.0,22.924897984503716,0.7324573993682861,0.0,0.8571428571428571,0.0
POV_L05_ADAPTIVE_NO_LAST,0,30,0.0,0.0,0.06603671697657172,0.0,0.2729378756523131,1.8940162658691406,0.4872464368379164,3.0328032073254034,0.8390888517636563,0.04608981277225599,46.08981277225599,8678.454621858746,0.1159687818364078,1.5990696773212447,1.5162906930199824,0.04848562297411263,1.3944591049221344,0.1522180011961609,6.0,0.0,21.81351707537312,0.617699921131134,0.0,0.8571428571428571,0.0
POV_L05_ADAPTIVE_NO_LAST,0,31,0.0,0.0,0.044161275377185574,0.0,0.2324928459167479,0.0,0.4471117712213685,3.0290773934042328,0.8725012604977838,0.03423601640825913,34.236016408259125,6564.393003748714,0.13405430277535124,1.4494533270381964,1.4227704019867815,0.04841491405386478,1.3009832550305873,0.14055018790531904,6.0,0.0,20.43339096826974,0.46775925159454346,0.0,0.8571428571428571,0.0
POV_L05_ADAPTIVE_NO_LAST,1,0,0.0,0.0,0.0233153131955392,0.0,0.0,0.02381548285484314,0.4337233556360453,2.088239427797986,1.0900597953783726,0.03845111693673456,38.451116936734564,7823.7866601036585,0.14739466416947458,1.7697201193961951,1.2478564479970373,0.04840722103836015,1.1261628239881247,0.12179145688423887,6.0,0.0,23.064287472485493,0.3447646498680115,0.0,0.8571428571428571,0.0
POV_L05_ADAPTIVE_NO_LAST,1,1,0.0,0.0,0.03203541475552091,0.0,0.0,0.0,0.4619722244268835,1.986297315218858,1.0147026961383667,0.041318063245072985,41.318063245072985,8508.535274077927,0.1703394885196453,1.9423304151621321,1.4304239899502136,0.04844396305270493,1.3085962709737942,0.13804108905605972,6.0,0.0,20.408334829433063,0.3839051127433777,0.0,0.8571428571428571,0.0
POV_L05_ADAPTIVE_NO_LAST,1,2,0.0,0.0,0.025705363159414907,0.0,0.0,0.0,0.4357835572052896,2.0935586423503865,1.06525716739561,0.03359176827923449,33.591768279234486,5794.410495600255,0.14583016721382244,1.8243383924785437,1.1596970780519769,0.04842561297118664,1.0375427399412729,0.11477262305561453,6.0,0.0,18.790697183025543,0.35262784361839294,0.0,0.8571428571428571,0.0
POV_L05_ADAPTIVE_NO_LAST,1,3,0.0,0.0,0.025580049912768688,0.0,0.0,0.016078799962997437,0.4093000450129999,2.101172205827607,1.0792576981061626,0.042910153132995066,42.91015313299506,9323.37690942251,0.166609903193903,1.7749498109781423,0.9685397610301152,0.04832072788849473,0.8470681050675921,0.09185151709243655,6.0,0.0,14.589709597292847,0.3614380657672882,0.0,0.8571428571428571,0.0
POV_L05_ADAPTIVE_NO_LAST,1,4,0.0,0.0,0.025712618230213924,0.0,0.0,0.1331348717212677,0.41870882770523743,2.1282219082926828,1.1021226070560781,0.03287100185415842,32.87100185415842,5408.904408772425,0.17129376756588421,1.7786015790872374,1.3390113830100745,0.04825189895927906,1.2175969480304047,0.13098526606336236,6.0,0.0,14.039836242938934,0.30259042978286743,0.0,0.8571428571428571,0.0
POV_L05_ADAPTIVE_NO_LAST,1,5,0.0,0.0,0.02852669360447918,0.0,0.0,0.7595610618591309,0.4314491152406533,2.0183900658176754,1.0657359470545138,0.04108490718913518,41.08490718913518,8133.757734540246,0.1768147282985359,1.9267401329450715,1.6217311049695127,0.048304389987606555,1.5000506020151079,0.15733393980190158,6.0,0.0,27.103198416041398,0.3848950266838074,0.0,0.8571428571428571,0.0
POV_L05_ADAPTIVE_NO_LAST,1,6,0.0,0.0,0.024616680867167007,0.0,0.0,0.9270143508911133,0.44645332410413185,1.9836138216225483,1.0216188905450678,0.03886183914983865,38.86183914983865,8150.458113527371,0.157174520494568,1.8276323734279494,1.155985877965577,0.048608218028675765,1.0337107290397398,0.11071882816031575,6.0,0.0,16.227109242210094,0.4045451879501343,0.0,0.8571428571428571,0.0
POV_L05_ADAPTIVE_NO_LAST,1,7,0.0,0.0,0.0299917363718874,0.0,0.0,0.9414386749267578,0.4607207862267494,1.9763007292708288,1.0236594530422813,0.06140350008346042,61.40350008346043,13260.912648500587,0.18043326083758124,2.013297408472647,1.619611608039122,0.04849381500389427,1.4975029550259933,0.15824556909501553,6.0,0.0,26.051689993110777,0.6189917922019958,0.0,0.8571428571428571,0.0
POV_L05_ADAPTIVE_NO_LAST,1,8,0.0,0.0,0.023224862561004034,0.0,0.0,0.058264732360839844,0.47462507092215556,2.140388143700374,1.0846202664420486,0.03966126126745184,39.66126126745184,7986.937245303885,0.12677143712874162,1.81886181000156,1.425516085990239,0.04822533705737442,1.3042112030670978,0.13466946000698954,6.0,0.0,19.029350304850624,0.3290642499923706,0.0,0.8571428571428571,0.0
POV_L05_ADAPTIVE_NO_LAST,1,9,0.0,0.0,0.023502838624487044,0.0,0.0,0.0,0.4306782049302282,2.0304645833966766,1.0390733793177676,0.03353495453599997,33.53495453599998,6335.2225562509575,0.1434133273304057,1.8714814512584264,1.429852708010003,0.04824617790291086,1.308372038998641,0.13929191103670746,6.0,0.0,25.4655925237784,0.2752297520637512,0.0,0.8571428571428571,0.0
POV_L05_ADAPTIVE_NO_LAST,1,10,0.0,0.0,0.02860148907683896,0.0,0.0,0.5249631404876709,0.42306552363174144,2.0476280187416367,1.0526914387903374,0.038028363871830506,38.02836387183051,7459.477763815521,0.15235560692866373,1.8487421926023206,1.061169452033937,0.04814480303321034,0.9398272859980352,0.10341399686876684,6.0,0.0,18.064968020961725,0.3964790403842926,0.0,0.8571428571428571,0.0
POV_L05_ADAPTIVE_NO_LAST,1,11,0.0,0.0,0.021125754981222877,0.0,0.0,0.3955778479576111,0.43006366945657276,2.0427527334955684,1.0930568555594486,0.03936013454360838,39.36013454360838,8391.100321596163,0.1592240746801203,1.8147274876414292,1.1533624560106546,0.04855718812905252,1.031645511975512,0.10779745999025181,6.0,0.0,12.531346348544538,0.2576499581336975,0.0,0.8571428571428571,0.0
POV_L05_ADAPTIVE_NO_LAST,1,12,0.0,0.0,0.01922519722619459,0.0,0.0,0.1929175853729248,0.4437586978979593,2.066102798420972,1.0580516159698063,0.03834047347778696,38.340473477786965,7441.444190984793,0.13696238814511036,1.8557910148837617,1.2470941089559346,0.048566595127340406,1.1253062429605052,0.11968940001679584,6.0,0.0,19.70775834495775,0.35039377212524414,0.0,0.8571428571428571,0.0
POV_L05_ADAPTIVE_NO_LAST,1,13,0.0,0.0,0.027547953347407395,0.0,0.0,0.49499718472361565,0.4272022304272778,2.068331615529914,1.0880823184139252,0.04381120589086425,43.81120589086425,9472.136774667382,0.15392971030310065,1.871839190776491,1.4377927509485744,0.048352603043895215,1.3161688289255835,0.14293732802616432,6.0,0.0,16.09044718522327,0.2971298396587372,0.0,0.8571428571428571,0.0
POV_L05_ADAPTIVE_NO_LAST,1,14,0.0,0.0,0.023912172063012604,0.0,0.0,0.0,0.4414187613991283,2.1056071639651517,1.0868011346511057,0.03680031063210083,36.80031063210083,7117.90959713743,0.12628796320100458,1.7909646723660015,1.0500915609882213,0.04776835418306291,0.9365681500639766,0.09911850607022643,5.0,0.0,13.664885777834225,0.14405517280101776,0.0,0.7142857142857143,0.0
POV_L05_ADAPTIVE_NO_LAST,1,15,0.0,0.0,0.027523295129349867,0.0,0.0,0.03624677658081055,0.4158786561988504,2.0742878691192357,1.0670288396812704,0.04700414358605283,47.004143586052834,10215.970528646949,0.12848021669976897,1.842372820853857,1.3412384319817647,0.04836135799996555,1.2197306539746933,0.13086162105901167,6.0,0.0,17.29019742997499,0.28646695613861084,0.0,0.8571428571428571,0.0
POV_L05_ADAPTIVE_NO_LAST,1,16,0.0,0.0,0.027055647076607403,0.0,0.0,1.1907052993774414,0.49560586273339735,2.023107460048278,1.0216226832416428,0.04130672874298005,41.306728742980056,8702.004820636805,0.13227881217009063,1.9044282866551208,1.2431331330444664,0.048214465903583914,1.1219885640894063,0.11825837282231078,6.0,0.0,20.20808068351672,0.3423865735530853,0.0,0.8571428571428571,0.0
POV_L05_ADAPTIVE_NO_LAST,1,17,0.0,0.0,0.027056116747633363,0.0,0.0,1.306004524230957,0.4004498161740171,2.0644272346042265,1.060658613190928,0.0472704219267778,47.2704219267778,10340.742464773168,0.17961978179911425,1.8167484121579365,1.2449970710440539,0.04837801994290203,1.123543964116834,0.1218687150394544,6.0,0.0,18.736671218426455,0.37600940465927124,0.0,0.8571428571428571,0.0
POV_L05_ADAPTIVE_NO_LAST,1,18,0.0,0.0,0.025107614087129082,0.0,0.0,0.5650100111961365,0.4253593986100823,1.9969079770392981,1.025196641930068,0.043516428090654924,43.51642809065493,9916.944532033594,0.15134978277806163,1.8558644612042838,1.2476415189448744,0.048482905025593936,1.1260000770562328,0.12279376183869317,6.0,0.0,20.199575124568685,0.42665761709213257,0.0,0.8571428571428571,0.0
POV_L05_ADAPTIVE_NO_LAST,1,19,0.0,0.0,0.029955735914989706,0.0,0.0,0.6308269500732422,0.3982340946504106,2.0835897631385034,1.0503986652608908,0.0418061930715449,41.8061930715449,7453.897502177875,0.16912211338351896,1.8256548904510232,1.242771111021284,0.04820823698537424,1.1215792109724134,0.11883908894378692,6.0,0.0,16.382750992962446,0.2674432694911957,0.0,0.8571428571428571,0.0
POV_L05_ADAPTIVE_NO_LAST,1,20,0.0,0.0,0.024460906494606582,0.0,0.0,0.9158682823181152,0.4350823454880941,2.031477934896522,1.0308763945644588,0.03852394290034078,38.523942900340785,8108.356498810332,0.15638372205126438,1.8208148764048693,1.3440603310009465,0.04823822795879096,1.2223313279100694,0.1325147349270992,6.0,0.0,18.0660519618064,0.3717056214809418,0.0,0.8571428571428571,0.0
POV_L05_ADAPTIVE_NO_LAST,1,21,0.0,0.0,0.025023418935465835,0.0,0.0,0.0,0.42795948379037263,2.0483059172596665,1.0720891997750888,0.04097745926449322,40.97745926449323,8598.341134116412,0.15372498456701114,1.780012728722053,0.9673816399881616,0.048231997003313154,0.8460365670034662,0.09368487208848819,6.0,0.0,14.944086309395134,0.40948396921157837,0.0,0.8571428571428571,0.0
POV_L05_ADAPTIVE_NO_LAST,1,22,0.0,0.0,0.02712819458022714,0.0,0.0,1.5342307090759277,0.4396799192505073,2.0999138703883884,1.0749842047749394,0.04721294105118112,47.212941051181126,9710.2059728103,0.13791681869843,1.786724531150851,0.9670378009905107,0.04821408598218113,0.8459474350675009,0.09379474411252886,6.0,0.0,15.343641993297622,0.37166422605514526,0.0,0.8571428571428571,0.0
POV_L05_ADAPTIVE_NO_LAST,1,23,0.0,0.0,0.03390359377914515,0.0,0.0,0.29253482818603516,0.40777075488475406,2.069853079183592,1.0526868288972304,0.04195632611036948,41.95632611036948,8629.908860266707,0.16486355914027048,1.8239754298924582,1.3359050969593227,0.048263629083521664,1.2144563110196032,0.12849576998269185,6.0,0.0,19.215986208276714,0.34583550691604614,0.0,0.8571428571428571,0.0
POV_L05_ADAPTIVE_NO_LAST,1,24,0.0,0.0,0.02104298765356244,0.0,0.0,0.4090261459350586,0.4517335589936583,2.1741505337974063,1.1013199387838646,0.03962350069180243,39.62350069180243,7154.655768559192,0.11616986596390387,1.7925133465518075,0.9528214790043421,0.04740422696340829,0.8401768539333716,0.08852260810090229,5.0,0.0,13.475895036755544,0.14250728487968445,0.0,0.7142857142857143,0.0
POV_L05_ADAPTIVE_NO_LAST,1,25,0.0,0.0,0.019563215303898984,0.0,0.0,1.1486050486564636,0.47450788704745456,2.030609448717412,1.0367276795220284,0.04002089374790552,40.02089374790552,7978.808133295567,0.13815526991317578,1.895618249732373,1.0621963599696755,0.04874261101940647,0.9399366930010729,0.10059111192822456,6.0,0.0,18.79548258150142,0.4253225028514862,0.0,0.8571428571428571,0.0
POV_L05_ADAPTIVE_NO_LAST,1,26,0.0,0.0,0.031310568327897303,0.0,0.0,0.9601962566375732,0.4450173760697081,2.0223874828045734,1.0274878059491774,0.041881301825521494,41.8813018255215,8531.835210198646,0.1394616480915951,1.8855465639871543,1.5217607489903457,0.04903490707511082,1.4002886029775254,0.1521842489601113,6.0,0.0,18.953133363561843,0.4176941514015198,0.0,0.8571428571428571,0.0
POV_L05_ADAPTIVE_NO_LAST,1,27,0.0,0.0,0.018096863174672795,0.0,0.0,1.2965456396341324,0.42323335500119463,2.022671232655382,1.0546388482018825,0.0393971927381715,39.3971927381715,8162.8358185398,0.16055197729771004,1.8435147706123978,1.2395460520056076,0.048498464981094,1.118912576988805,0.12000853806966916,6.0,0.0,16.23946520643745,0.4252890646457672,0.0,0.8571428571428571,0.0
POV_L05_ADAPTIVE_NO_LAST,1,28,0.0,0.0,0.021870094839813448,0.0,0.0,0.0,0.4384855140709075,1.9936970087158636,1.0354917712350002,0.03930902781199952,39.30902781199953,8299.435570712843,0.1719677143737135,1.9124042373317092,1.056102839007508,0.04823029600083828,0.9358297630678862,0.10097972099902108,6.0,0.0,16.793569779589653,0.38179323077201843,0.0,0.8571428571428571,0.0
POV_L05_ADAPTIVE_NO_LAST,1,29,0.0,0.0,0.027544655009886287,0.0,0.002723794841766214,2.899211347103119,0.448739806524842,2.1633428491869418,1.1125158109275035,0.08025068152633041,80.25068152633042,22032.93048610936,0.1412879268062518,1.7410454180905706,1.4257756950100884,0.04831191903213039,1.3050042379763909,0.13983616506448016,6.0,0.0,19.67779589235944,0.29773345589637756,0.0,0.8571428571428571,0.0
POV_L05_ADAPTIVE_NO_LAST,1,30,0.0,0.0,0.02695220298798945,0.0,0.0,0.912422388792038,0.44237972806608594,2.0056382377348427,1.0464904506837192,0.04485142633397715,44.85142633397715,9968.820359035626,0.16678795904060623,1.9079161029263256,1.706283166015055,0.04826489900005981,1.58528362296056,0.16615559288766235,6.0,0.0,30.69921275853043,0.4939914643764496,0.0,0.8571428571428571,0.0
POV_L05_ADAPTIVE_NO_LAST,1,31,0.0,0.0,0.02218734866605615,0.0,0.0,0.0,0.4563504432942006,2.0746136999967164,1.079014388068269,0.03775863154978029,37.75863154978029,7317.414589169342,0.1327335125088108,1.8158727707435636,1.0518619270296767,0.048027521988842636,0.9314312180504203,0.10132116894237697,6.0,0.0,15.514728429693264,0.37334591150283813,0.0,0.8571428571428571,0.0
POV_L05_ADAPTIVE_NO_LAST,2,0,0.0,0.0,0.06954811642451054,0.0,0.17619864311218247,1.3836097717285156,0.37596010371707717,2.6069847983075283,1.0771975190471452,0.053767631841450836,53.76763184145084,14173.715095512704,0.10662558909027225,1.5264258167192168,1.3244545520283282,0.04807640303624794,1.2037998959422112,0.13337759720161557,6.0,0.0,19.371494310968835,0.4782448709011078,0.0,0.8571428571428571,0.0
POV_L05_ADAPTIVE_NO_LAST,2,1,0.0,0.0,0.08026286689704575,0.0,0.32592253055572495,1.119382381439209,0.4038254304245024,2.6811402081205538,1.084007011684908,0.060229044681904154,60.229044681904156,16743.237535094016,0.0686567800071763,1.4888022030402532,1.60259808099363,0.04812715493608266,1.4817523389938287,0.1614079659921117,6.0,0.0,16.815266321516376,0.37619176506996155,0.0,0.8571428571428571,0.0
POV_L05_ADAPTIVE_NO_LAST,2,2,0.0,0.0,0.06758597325671085,0.0,0.11408881511688218,0.4354429244995117,0.37324294962174964,2.6072893665432386,1.0771444900366947,0.052849384165662885,52.84938416566289,13846.17045927769,0.09426426715641928,1.5229873840171213,1.410098452004604,0.04803061095299199,1.2894211070379242,0.1350251410040073,6.0,0.0,20.31229482027949,0.3839304745197296,0.0,0.8571428571428571,0.0
POV_L05_ADAPTIVE_NO_LAST,2,3,0.0,0.0,0.06767527690987955,0.0,0.11857406463623033,1.5810918807983398,0.3981527539426429,2.592891975200255,1.0669332240534897,0.07155483860184964,71.55483860184964,20886.660199457816,0.12328377036831697,1.582238816098019,1.3209833589498885,0.04821473592892289,1.20027214998845,0.13103869487531483,6.0,0.0,21.331820304355578,0.6052473783493042,0.0,0.8571428571428571,0.0
POV_L05_ADAPTIVE_NO_LAST,2,4,0.0,0.0,0.06790096792898083,0.0,0.2837394293785094,1.0053229331970215,0.3707511443262116,2.6369815957834035,1.0505657941046387,0.05981016701122832,59.81016701122833,16713.57802130572,0.0990509718496715,1.5060022515736573,1.414613187953364,0.048276136978529394,1.293408308061771,0.1387092560180463,6.0,0.0,21.13208865318497,0.4736313819885254,0.0,0.8571428571428571,0.0
POV_L05_ADAPTIVE_NO_LAST,2,5,0.0,0.0,0.06820355119434697,0.0,0.4101391252517699,3.0561399459838867,0.39755126758032755,2.6432617899715707,1.0622489212291417,0.07923452789785265,79.23452789785266,22712.530448381414,0.09351008808063183,1.5190855363578857,1.4200280680088326,0.048117175057996064,1.299272173026111,0.14163822017144412,6.0,0.0,20.78341725857913,0.49468785524368286,0.0,0.8571428571428571,0.0
POV_L05_ADAPTIVE_NO_LAST,2,6,0.0,0.0,0.07384312160686259,0.0,0.04973666038513169,1.8465828895568848,0.39406210187457114,2.5659285696287872,1.1142747377967959,0.05455215297540794,54.55215297540795,14942.770452539085,0.12417429266117201,1.5987162938549087,1.6069644789677113,0.04816069593653083,1.4856973179266788,0.1638734188163653,6.0,0.0,19.599284165665342,0.5397236347198486,0.0,0.8571428571428571,0.0
POV_L05_ADAPTIVE_NO_LAST,2,7,0.0,0.0,0.06890937742193527,0.0,0.2663029846191405,1.9826185703277588,0.39722269749098527,2.6215034991151986,1.0756923816419444,0.05999022474444593,59.990224744445925,15056.70185388843,0.08740376095075048,1.536807671268424,1.4148625019588508,0.04806592396926135,1.2942311379592866,0.14102889405330643,6.0,0.0,17.74621898913064,0.4294380247592926,0.0,0.8571428571428571,0.0
POV_L05_ADAPTIVE_NO_LAST,2,8,0.0,0.0,0.058295948219159024,0.0,0.3098432835578917,4.610295295715332,0.39504038760380716,2.5621351892694912,1.0777782792011597,0.06498604911671302,64.98604911671302,16224.949092511953,0.11213762755933872,1.5560062454287038,1.3182157129631378,0.048081193934194744,1.197525707015302,0.1281343400478363,6.0,0.0,18.384516544649458,0.476209819316864,0.0,0.8571428571428571,0.0
POV_L05_ADAPTIVE_NO_LAST,2,9,0.0,0.0,0.06977380239314772,0.0,0.11991516914367661,1.4257025718688965,0.37274397183220875,2.6707636865842765,1.0839606502164894,0.05035939614836271,50.35939614836272,13398.344059880807,0.09946416166226021,1.470236012799141,1.5975933720474131,0.04825779591919854,1.4768621559487656,0.15995655866572633,6.0,0.0,18.663556858472393,0.4344174861907959,0.0,0.8571428571428571,0.0
POV_L05_ADAPTIVE_NO_LAST,2,10,0.0,0.0,0.07285117198451353,0.0,0.21771685447692857,0.4065585136413574,0.39345049416558825,2.682144949050323,1.1103073452263432,0.05469148648543942,54.69148648543942,15244.059904959095,0.07286887661092385,1.4369659451324184,1.5915931740310043,0.048037271946668625,1.470990429923404,0.15566184604540467,6.0,0.0,17.48341839711402,0.2736266851425171,0.0,0.8571428571428571,0.0
POV_L05_ADAPTIVE_NO_LAST,2,11,0.0,0.0,0.07443090233747594,0.0,0.1800002273559569,2.4898719787597656,0.39002622795925856,2.593471399322369,1.102245779182337,0.0762836122199749,76.28361221997491,22308.343149416873,0.11919482714764054,1.57070815170781,1.5987083779764362,0.048193876922596246,1.477939831034746,0.16093180305324495,6.0,0.0,21.491968746296525,0.47091013193130493,0.0,0.8571428571428571,0.0
POV_L05_ADAPTIVE_NO_LAST,2,12,0.0,0.0,0.07197338524778103,0.0,0.15615717735290513,0.6053638458251953,0.3794974516173576,2.642784780212087,1.0965682457733381,0.05275006159584572,52.75006159584573,15294.316729860815,0.09868990185909929,1.4987358249375176,1.5952433670172468,0.047949389030691236,1.4747617369284853,0.15803871594835073,6.0,0.0,18.141309304984095,0.46507495641708374,0.0,0.8571428571428571,0.0
POV_L05_ADAPTIVE_NO_LAST,2,13,0.0,0.0,0.0785614657252753,0.0,0.27188972797393784,1.94180428981781,0.38525957575345104,2.6230534902680422,1.0754160988254746,0.05120269158560373,51.20269158560373,12883.64508834473,0.08813006253315696,1.5372862496953599,1.2323922620271333,0.04825030697975308,1.1114021289395168,0.12130584404803813,6.0,0.0,17.008822491737213,0.4204155206680298,0.0,0.8571428571428571,0.0
POV_L05_ADAPTIVE_NO_LAST,2,14,0.0,0.0,0.08169390075821921,0.0,0.2690671500205992,0.7652652263641357,0.3714409120400655,2.595334897151892,1.0809343317550144,0.04615764916125631,46.1576491612563,12260.028659698064,0.10862444455627418,1.5531560191275775,1.230162863037549,0.04817824519705027,1.1094249080051668,0.12014883098891005,6.0,0.0,19.570209095869373,0.497662752866745,0.0,0.8571428571428571,0.0
POV_L05_ADAPTIVE_NO_LAST,2,15,0.0,0.0,0.06886761861793857,0.0,0.16844288673400865,1.8350523710250854,0.373505705394114,2.6025068146322536,1.0738643565660884,0.0504197383702466,50.419738370246606,12670.763209857494,0.10960001650072392,1.5421090948437772,1.3222821230301633,0.04849169199587777,1.2012031290214509,0.1296296968939714,6.0,0.0,21.18495526946035,0.5449357628822327,0.0,0.8571428571428571,0.0
POV_L05_ADAPTIVE_NO_LAST,2,16,0.0,0.0,0.0701125550607024,0.0,0.11777148809432969,0.3295254707336426,0.3948564687299968,2.6422736900961694,1.070752932640753,0.05343704541025396,53.437045410253965,14667.366516443357,0.10658831141240704,1.530308078934709,1.324910519993864,0.048222565033938736,1.203631911019329,0.1288946380955167,6.0,0.0,22.26155096398789,0.47680044174194336,0.0,0.8571428571428571,0.0
POV_L05_ADAPTIVE_NO_LAST,2,17,0.0,0.0,0.07832355415249916,0.0,0.2252139266967772,0.8883965015411377,0.37091007818500416,2.6147215949513836,1.100779318934528,0.04987563635528014,49.87563635528014,12904.583566015937,0.09613203375451555,1.532487061762246,1.3261065509868786,0.04826818691799417,1.2046716879704036,0.12885944702429697,6.0,0.0,18.82180997757369,0.41367992758750916,0.0,0.8571428571428571,0.0
POV_L05_ADAPTIVE_NO_LAST,2,18,0.0,0.0,0.07439300926124577,0.0,0.13177530136108384,1.535780429840088,0.3726272773447924,2.643541303549971,1.112228956171457,0.05417688774447704,54.17688774447704,13953.91403294226,0.1148751469451731,1.55028580114971,1.047209012962412,0.04792258905945346,0.9268719889223576,0.10345745598897338,6.0,0.0,19.057676349870945,0.480477899312973,0.0,0.8571428571428571,0.0
POV_L05_ADAPTIVE_NO_LAST,2,19,0.0,0.0,0.07476395516816038,0.0,0.13706312742233262,6.271917819976807,0.3734984628521047,2.6141212590924776,1.1163122650677917,0.08703316708730735,87.03316708730736,22679.54490625022,0.12696150776835807,1.5522149934242255,1.325690208002925,0.04798191005829722,1.2051502770627849,0.13086199917597696,6.0,0.0,18.82416279237107,0.5908243656158447,0.0,0.8571428571428571,0.0
POV_L05_ADAPTIVE_NO_LAST,2,20,0.0,0.0,0.07174015899461715,0.0,0.11490092840194688,2.470214366912842,0.38228089026766693,2.6755104312188296,1.0655902406628113,0.07210963871047937,72.10963871047936,20100.30961548557,0.09267838628105682,1.5003678267296225,1.5056073949672282,0.04809034301433712,1.3848180280183442,0.14927174791228026,6.0,0.0,20.15748828130352,0.4473528265953064,0.0,0.8571428571428571,0.0
POV_L05_ADAPTIVE_NO_LAST,2,21,0.0,0.0,0.06485181182082704,0.0,0.2048201974868773,1.5551072359085083,0.401061386374198,2.587865798028599,1.0858526038361223,0.056789796732702125,56.78979673270212,15079.48933915833,0.09404868998397924,1.5735174117516066,1.3192922600428574,0.048016980988904834,1.1986621349933557,0.12975004996405914,6.0,0.0,18.921707572305817,0.3309200406074524,0.0,0.8571428571428571,0.0
POV_L05_ADAPTIVE_NO_LAST,2,22,0.0,0.0,0.06659421906782788,0.0,0.2440314110755919,2.9804062843322754,0.3921733437595156,2.6396160134831015,1.1216770776692526,0.07925622633563767,79.25622633563768,22005.3395868602,0.09329128842003617,1.5079704277873989,1.5995137090212665,0.04812493402278051,1.4783603019895963,0.1575584540842101,6.0,0.0,15.908851397184822,0.38758930563926697,0.0,0.8571428571428571,0.0
POV_L05_ADAPTIVE_NO_LAST,2,23,0.0,0.0,0.07422257765019248,0.0,0.205310147666931,2.9892992973327637,0.37817004191765846,2.6305790046756403,1.0533515215797156,0.06935618306449975,69.35618306449975,17481.502931639257,0.08592174431982788,1.5084091360988032,1.2314050599816255,0.04796316893771291,1.110941902094055,0.12365486304042861,6.0,0.0,19.776646560329596,0.4305667281150818,0.0,0.8571428571428571,0.0
POV_L05_ADAPTIVE_NO_LAST,2,24,0.0,0.0,0.07530559449999526,0.0,0.427647691631317,2.9622089862823486,0.36490663465359624,2.606912050455641,1.0909347984865965,0.0705444659559511,70.5444659559511,20247.148057058854,0.12648676113954638,1.5708737134454398,1.5078101090039127,0.04823290597414598,1.386954199988395,0.1505533949821256,6.0,0.0,20.83814968888433,0.505009114742279,0.0,0.8571428571428571,0.0
POV_L05_ADAPTIVE_NO_LAST,2,25,0.0,0.0,0.06933749998740181,0.0,0.2794431265830992,1.9343864917755127,0.3949289727108615,2.620823578529977,1.096974457534841,0.04921140472885144,49.21140472885144,13009.911797462448,0.10272102865372248,1.5355398318566118,1.4983419709606096,0.047936868912074715,1.3778713030042127,0.1455227499245666,6.0,0.0,17.655214827520666,0.3520384132862091,0.0,0.8571428571428571,0.0
POV_L05_ADAPTIVE_NO_LAST,2,26,0.0,0.0,0.07080963094598701,0.0,0.2228279527664183,2.365906238555908,0.377824672307204,2.6390082497381466,1.0893955889619342,0.05784838204754514,57.84838204754514,15379.07902358742,0.08384949754472405,1.5209900712860898,1.228179223020561,0.04795059800380841,1.1077098150271922,0.11953222315059975,6.0,0.0,18.400027065913708,0.4615086317062378,0.0,0.8571428571428571,0.0
POV_L05_ADAPTIVE_NO_LAST,2,27,0.0,0.0,0.07161389698117189,0.0,0.1843153056144713,2.8776538372039795,0.37908582314163547,2.579151323543479,1.086053844925406,0.06542664495516781,65.42664495516782,16141.488717318502,0.11304297601397553,1.570925186468799,1.2414467280032113,0.048194615985266864,1.1202128590084612,0.12428874807665125,6.0,0.0,17.003154976443916,0.45667409896850586,0.0,0.8571428571428571,0.0
POV_L05_ADAPTIVE_NO_LAST,2,28,0.0,0.0,0.07635719365970521,0.0,0.18562720384597764,1.7838609218597412,0.39230137915589175,2.6385128638697193,1.082039837531793,0.05942737584627256,59.427375846272554,15021.697656588054,0.0985894416264073,1.5391264597838736,1.235473542008549,0.04816460493020713,1.1141794429859146,0.12139784306054935,6.0,0.0,20.81611941985316,0.5511722564697266,0.0,0.8571428571428571,0.0
POV_L05_ADAPTIVE_NO_LAST,2,29,0.0,0.0,0.08316948126061825,0.0,0.06611542072296128,2.2597473859786987,0.3879921557794387,2.5949769037447834,1.0551534317060525,0.08007317067676523,80.07317067676523,22718.81622076359,0.11135666098009549,1.5622140771257267,1.3232396169914864,0.04807081195758656,1.2021956630633213,0.13058445119531825,6.0,0.0,21.420536720845842,0.5180197954177856,0.0,0.8571428571428571,0.0
POV_L05_ADAPTIVE_NO_LAST,2,30,0.0,0.0,0.07857904940766032,0.0,0.26998357143402085,1.3709408044815063,0.37287855940956155,2.6433332589200456,1.0703829921663106,0.05872041504092529,58.72041504092529,15570.801454494096,0.08282399262469711,1.5230935068544673,1.1375717099872418,0.04789930797414854,1.0169553579762578,0.11144632310606539,6.0,0.0,20.563441905210695,0.3741596043109894,0.0,0.8571428571428571,0.0
POV_L05_ADAPTIVE_NO_LAST,2,31,0.0,0.0,0.06950671415454594,0.0,0.22144601907730088,2.0254385471343994,0.4002955043803614,2.5604653735193876,1.109592410137885,0.06656127581863105,66.56127581863105,19505.88396746998,0.12166227866699036,1.5649387995863842,1.3253605699865147,0.048048379947431386,1.2045766450464725,0.1315018740715459,6.0,0.0,19.05783800938144,0.4924907386302948,0.0,0.8571428571428571,0.0
POV_L05_ADAPTIVE_NO_LAST,3,0,0.0,0.0,0.12837487562929414,0.0,0.04453416328430171,0.07352352142333984,0.9042375727129086,2.159076554599815,0.7902907264434299,0.038434399344538406,38.434399344538406,9039.752143665948,0.10975217709270842,1.4129442606952258,1.0437379549839534,0.048036471009254456,0.9228571350686252,0.10179327003424987,6.0,0.0,23.292444221732193,0.4988069236278534,0.0,0.8571428571428571,0.0
POV_L05_ADAPTIVE_NO_LAST,3,1,0.0,0.0,0.11588417580274094,0.0,0.0,0.8316648006439209,0.9018657710972909,2.155968066667426,0.7903367347803856,0.04916932348326819,49.16932348326819,11858.432786874419,0.11332206088729964,1.4178595228886754,0.9513768290053122,0.047856027144007385,0.8310351350228302,0.09299950097920373,6.0,0.0,21.107560127974306,0.4367602467536926,0.0,0.8571428571428571,0.0
POV_L05_ADAPTIVE_NO_LAST,3,2,0.0,0.0,0.1377616696588105,0.0,0.062125282096862744,0.0,0.9136480335733659,2.0924718980930104,0.7491842298976158,0.03098797587449198,30.98797587449198,6749.469389915497,0.14767132218879406,1.4433921593560768,1.1444222059799358,0.049957133014686406,1.0218091910355724,0.11406786204315722,6.0,0.0,28.41240524099095,0.5894449949264526,0.0,0.8571428571428571,0.0
POV_L05_ADAPTIVE_NO_LAST,3,3,0.0,0.0,0.12495498944563874,0.0,0.0,0.0,0.873832565952667,2.1103380371231597,0.7673251661106745,0.03551959367740576,35.51959367740576,9272.711111222254,0.12526933540596003,1.3664189889035787,1.231559275998734,0.05073166097281501,1.108136389986612,0.12107922503491864,6.0,0.0,23.39782973500558,0.5032444596290588,0.0,0.8571428571428571,0.0
POV_L05_ADAPTIVE_NO_LAST,3,4,0.0,0.0,0.12358914295439882,0.0,0.0851368473052978,1.794816255569458,0.8896340669808457,2.136560813261699,0.8027556027033754,0.04004363240616815,40.04363240616815,8730.441319369666,0.13243461869221335,1.4155450770232472,1.1441793990088627,0.049463406030554324,1.0222029910073616,0.11439554096432403,6.0,0.0,26.389587005933073,0.5649501085281372,0.0,0.8571428571428571,0.0
POV_L05_ADAPTIVE_NO_LAST,3,5,0.0,0.0,0.12454741580486939,0.0,0.004894094276428174,0.572819709777832,0.9085918393700716,2.0937288726587435,0.7581071492495727,0.03809215030787105,38.09215030787106,8605.524375712492,0.13055934305493264,1.4137328064905479,1.0425167109933682,0.048748120956588537,0.9215768410940655,0.10151003499049693,6.0,0.0,25.638518349961036,0.4871518611907959,0.0,0.8571428571428571,0.0
POV_L05_ADAPTIVE_NO_LAST,3,6,0.0,0.0,0.12811756686145925,0.0,0.0,0.0,0.9108384853578029,2.0847974719069375,0.7726631536520018,0.03307733518008105,33.07733518008104,7941.134591510778,0.12300699938362392,1.401304179130779,1.042144121020101,0.0484615009627305,0.9215534390532412,0.10302704409696162,6.0,0.0,23.344262256856176,0.47282981872558594,0.0,0.8571428571428571,0.0
POV_L05_ADAPTIVE_NO_LAST,3,7,0.0,0.0,0.13567447071731661,0.0,0.0,1.3835978507995605,0.9097769972859957,2.1081425557898292,0.7393465648270683,0.062447067786734145,62.44706778673415,16403.677945484582,0.1173689282721887,1.4121720799303799,1.2273276229971088,0.04865464603062719,1.1061810670653358,0.11977301101433113,6.0,0.0,25.775718653947923,0.5192126631736755,0.0,0.8571428571428571,0.0
POV_L05_ADAPTIVE_NO_LAST,3,8,0.0,0.0,0.13264743553818578,0.0,0.0002455280303954588,0.0,0.9290648693467175,2.1265672686923622,0.8082640193370245,0.03268326299487434,32.68326299487434,7553.1145879797805,0.14701633583901141,1.4263825421317184,1.2271204669959843,0.048390820098575205,1.1063397019752301,0.12251832004403695,6.0,0.0,21.412422418497393,0.46088171005249023,0.0,0.8571428571428571,0.0
POV_L05_ADAPTIVE_NO_LAST,3,9,0.0,0.0,0.1383164881835532,0.0,0.0,1.4325273036956787,0.9368150976961644,2.0972188197468173,0.7613782900238139,0.02906212761107274,29.062127611072743,6296.399765644578,0.14862893277829942,1.4337561305603226,1.1438228969927877,0.048511233064346015,1.0223581730388105,0.11362567107426003,6.0,0.0,23.297370115396344,0.45428672432899475,0.0,0.8571428571428571,0.0
POV_L05_ADAPTIVE_NO_LAST,3,10,0.0,0.0,0.14027921624986525,0.0,0.0,0.08722066879272461,0.9365642954097326,2.1464798457347904,0.7851392739556206,0.04278314929563232,42.78314929563232,10494.768982081327,0.11443716407057375,1.4619170623896434,1.2339099429664202,0.04815213498659432,1.1126522160484456,0.12361006799619645,6.0,0.0,28.260158117797715,0.5747965574264526,0.0,0.8571428571428571,0.0
POV_L05_ADAPTIVE_NO_LAST,3,11,0.0,0.0,0.12445775942445847,0.0,0.0,0.15706539154052734,0.9051926351105835,2.0980606609347543,0.7517385689664015,0.03929502334192869,39.2950233419287,10075.358415165381,0.12553808176158124,1.3958434004372864,1.1310209730290808,0.047881138045340776,1.0102894120500423,0.10938382893800735,6.0,0.0,21.53107824250546,0.45439228415489197,0.0,0.8571428571428571,0.0
POV_L05_ADAPTIVE_NO_LAST,3,12,0.0,0.0,0.13286535035252517,0.0,0.0,0.46091198921203613,0.9167476110019545,2.1205223542508285,0.7893975551830408,0.03410585376054698,34.10585376054698,7587.539101380525,0.12495295547602361,1.431149849737926,1.0383727090083994,0.047720693110022694,0.918211450916715,0.09873073996277526,6.0,0.0,21.19952459617645,0.45614132285118103,0.0,0.8571428571428571,0.0
POV_L05_ADAPTIVE_NO_LAST,3,13,0.0,0.0,0.12093631297712354,0.0,0.0,1.108248233795166,0.9041259274674434,2.0913465849373067,0.7654812393961605,0.04323541713241763,43.23541713241763,11460.839688038417,0.13487801746175815,1.4356577297611095,1.4106912839924917,0.04774913395522162,1.2903009000001475,0.14289927098434418,6.0,0.0,23.2174202229581,0.5178461670875549,0.0,0.8571428571428571,0.0
POV_L05_ADAPTIVE_NO_LAST,3,14,0.0,0.0,0.1306824752554685,0.0,0.045099811363220166,1.3142836093902588,0.9054734332645882,2.1026248750888166,0.7572774458319975,0.03606849721265282,36.068497212652815,8552.519087705536,0.12896642584516435,1.4030060249570109,0.9521484450087883,0.04787540703546256,0.8318704930134118,0.09298137197038159,6.0,0.0,25.20988806143803,0.5029099583625793,0.0,0.8571428571428571,0.0
POV_L05_ADAPTIVE_NO_LAST,3,15,0.0,0.0,0.13126317999441375,0.0,0.0,1.1080574989318848,0.9059227293440936,2.145405825022195,0.7984966401336773,0.05158368850149975,51.58368850149975,13629.148730295283,0.13043518306592666,1.4562880906699884,1.406071083038114,0.04777393594849855,1.2856053650612012,0.13781602797098458,6.0,0.0,20.989629807124217,0.521509051322937,0.0,0.8571428571428571,0.0
POV_L05_ADAPTIVE_NO_LAST,3,16,0.0,0.0,0.15059708897492166,0.0,0.10302241306304927,0.6360423564910889,0.9614561553182396,2.06747033690856,0.7165257956242754,0.04006119425840304,40.06119425840305,10007.47479998403,0.1743063695530873,1.390285207751517,1.2296882389928214,0.04776854196097702,1.109216711949557,0.12339456292102113,6.0,0.0,27.854540500415006,0.6239975094795227,0.0,0.8571428571428571,0.0
POV_L05_ADAPTIVE_NO_LAST,3,17,0.0,0.0,0.12778505649073243,0.0,0.0,0.9755921363830566,0.9127633414516404,2.13191316594382,0.7860009492727446,0.0403155162681304,40.31551626813041,10184.483577713094,0.1285125162498149,1.4155175352652638,1.3211997010512277,0.04778173501836136,1.2006924430606887,0.13294759998098016,6.0,0.0,22.678772634413,0.5649909973144531,0.0,0.8571428571428571,0.0
POV_L05_ADAPTIVE_NO_LAST,3,18,0.0,0.0,0.13772578641975325,0.0,0.015104369926452588,0.0,0.9243367693688205,2.0838943486716826,0.7579623856288087,0.040495162947857155,40.49516294785716,10425.263736903244,0.12364889484938464,1.434978868859412,1.1414315300062299,0.048113684984855354,1.020247257023584,0.11367422196781263,6.0,0.0,22.658122327067726,0.4777009189128876,0.0,0.8571428571428571,0.0
POV_L05_ADAPTIVE_NO_LAST,3,19,0.0,0.0,0.1262810575370682,0.0,0.045545058059692334,2.1987390518188477,0.8962970215251717,2.1306942891350276,0.8230259444124746,0.041121382323416,41.12138232341601,9868.821451816779,0.1298022712930883,1.4112148365602908,1.2318364329985343,0.047899058961775154,1.1109760560211726,0.12359656795160845,6.0,0.0,24.142957260741806,0.5499761700630188,0.0,0.8571428571428571,0.0
POV_L05_ADAPTIVE_NO_LAST,3,20,0.0,0.0,0.14316766660295985,0.0,0.04557486038208003,1.5321147441864014,0.9310470969197611,2.0670069106119167,0.7707261347352465,0.03384685545626809,33.84685545626809,7666.303647538353,0.14391625972531383,1.4474588766490968,1.054455783974845,0.04930635500932112,0.9321597300004214,0.10444984899368137,6.0,0.0,21.6541395984256,0.47712522745132446,0.0,0.8571428571428571,0.0
POV_L05_ADAPTIVE_NO_LAST,3,21,0.0,0.0,0.13651875249153544,0.0,0.0,0.0,0.924152426761232,2.10294538970407,0.7561128749210753,0.037308722320163135,37.30872232016314,9308.795577373987,0.12447538429388216,1.4052752871055427,1.137084115005564,0.04959834099281579,1.0147525211214088,0.11089917697245255,6.0,0.0,24.50504669182074,0.4728811979293823,0.0,0.8571428571428571,0.0
POV_L05_ADAPTIVE_NO_LAST,3,22,0.0,0.0,0.14198075488481854,0.0,0.010564284133911084,0.3923070430755615,0.9358295523425512,2.128245172202091,0.7974937795196246,0.03835479541984732,38.35479541984732,9486.093041451137,0.13154519627347117,1.429087869001011,1.1408312620478682,0.04849520308198407,1.0195258150342852,0.11406182806240395,6.0,0.0,22.41765731370679,0.49299123883247375,0.0,0.8571428571428571,0.0
POV_L05_ADAPTIVE_NO_LAST,3,23,0.0,0.0,0.12728354869223654,0.0,0.0,0.0,0.8843249191916656,2.1755943262345174,0.7902128964402011,0.03902938902869035,39.02938902869035,9510.932316974775,0.10890874695938195,1.4436379658830856,1.3251298199757002,0.04832977906335145,1.203505973040592,0.13346286810701713,6.0,0.0,26.172816354731626,0.47911176085472107,0.0,0.8571428571428571,0.0
POV_L05_ADAPTIVE_NO_LAST,3,24,0.0,0.0,0.12854075839953777,0.0,0.0,0.0,0.9175190447397055,2.0720648454143995,0.7465799228781758,0.03563003285854105,35.63003285854105,7878.014371409313,0.14336139216019628,1.4516292276274716,1.0422355239861645,0.04789689584868029,0.9215552930254489,0.10006686497945338,6.0,0.0,26.484432738694338,0.4942716360092163,0.0,0.8571428571428571,0.0
POV_L05_ADAPTIVE_NO_LAST,3,25,0.0,0.0,0.14476569227763855,0.0,0.002648787307739209,0.963355302810669,0.9559460190835142,2.134554346874517,0.7877420882147019,0.04148878546858126,41.488785468581256,11118.401375963516,0.12737155696368463,1.4359243750407438,0.9513275070348755,0.04806199198355898,0.8305485839955509,0.0904501648619771,6.0,0.0,19.594408913613492,0.44320517778396606,0.0,0.8571428571428571,0.0
POV_L05_ADAPTIVE_NO_LAST,3,26,0.0,0.0,0.1238787466386366,0.0,0.05457635383605952,1.5571188926696777,0.8935003778070741,2.1163167838858685,0.7898155300700105,0.04136323578918866,41.36323578918866,10206.66160660797,0.12197255575528343,1.411259774724493,1.2334956229897216,0.048023489012848586,1.1125683559803292,0.12384544615633786,6.0,0.0,21.538700411289206,0.47685766220092773,0.0,0.8571428571428571,0.0
POV_L05_ADAPTIVE_NO_LAST,3,27,0.0,0.0,0.12750310676612475,0.0,0.0,1.6596269607543945,0.8952768931376182,2.0672663968712475,0.7766362705204662,0.038378164792305824,38.378164792305824,9493.709899922731,0.13906574790190943,1.420580200000259,1.0451872600242496,0.04796095797792077,0.9243593650171533,0.10138110804837197,6.0,0.0,24.915869340356025,0.5806136131286621,0.0,0.8571428571428571,0.0
POV_L05_ADAPTIVE_NO_LAST,3,28,0.0,0.0,0.1342775627574155,0.0,0.03498669128417964,0.7267665863037109,0.9418055838837041,2.0193047428042425,0.7560304902027187,0.04187577663960873,41.87577663960873,11060.98539246103,0.16787909839768297,1.476654121754727,1.242076314985752,0.048328218050301075,1.1205197899253108,0.12552431400399655,6.0,0.0,23.303386081928757,0.5711520314216614,0.0,0.8571428571428571,0.0
POV_L05_ADAPTIVE_NO_LAST,3,29,0.0,0.0,0.12480273747052653,0.0,0.0,1.0576200485229492,0.9155350794144983,2.0585130222387127,0.7839506105088115,0.06141144096203721,61.411440962037204,17476.106081337053,0.16216003560482478,1.411391738443024,1.3244795690407045,0.04795290809124708,1.203972893068567,0.13377278199186549,6.0,0.0,25.813404023046814,0.7069697976112366,0.0,0.8571428571428571,0.0
POV_L05_ADAPTIVE_NO_LAST,3,30,0.0,0.0,0.1273311735407336,0.0,0.0747906730651855,0.0,0.8983091478160371,2.094205194639981,0.7995260850702662,0.03603571820280482,36.03571820280482,8716.992132294887,0.11452296513061722,1.4310269886075289,1.2289835829869844,0.04781607404584065,1.108538647997193,0.12187145196367055,6.0,0.0,22.27298496656946,0.49646422266960144,0.0,0.8571428571428571,0.0
POV_L05_ADAPTIVE_NO_LAST,3,31,0.0,0.0,0.1352950489106654,0.0,0.0,0.8336257934570312,0.9356622785375315,2.153927305508024,0.8157849283640822,0.039780258733056906,39.78025873305691,9380.230690014836,0.10651166438338755,1.4337251860937845,1.137398248014506,0.047947246057447046,1.0167544780415483,0.11259291000897065,6.0,0.0,24.962930462094896,0.5094722509384155,0.0,0.8571428571428571,0.0
POV_L05_ADAPTIVE_NO_LAST,4,0,1.0,0.0,-0.001033738270927828,0.0,0.16501383152008042,0.0,0.2679397973532693,3.2664608503128787,1.5986973257672976,0.032831871618669406,32.83187161866941,6015.345333142172,0.15447546039302704,0.6365192055889651,1.045676640002057,0.04803764203097671,0.9249877179390751,0.0983215881860815,6.0,0.0,20.372228454130823,0.6531541347503662,0.0,0.8571428571428571,0.0
POV_L05_ADAPTIVE_NO_LAST,4,1,1.0,0.0,-0.018331857489796197,0.0,0.1459263381004332,1.210923194885254,0.31359521804345175,3.2383410881956323,1.5709515838798243,0.05335923547273769,53.35923547273768,13379.984003735064,0.1948176418261127,0.7152661162704317,1.5954786619986407,0.04798678000224754,1.4747619110275991,0.1582129899179563,6.0,0.0,25.320450554007422,0.7265408039093018,0.0,0.8571428571428571,0.0
POV_L05_ADAPTIVE_NO_LAST,4,2,1.0,0.0,-0.010321667173266755,0.0,0.08458690013885484,1.6091716289520264,0.25857888002924245,3.2174699469848194,1.5596301141331983,0.035337757051957186,35.33775705195719,5870.554030294639,0.17001171838478207,0.658635367607258,1.1323619050090201,0.04780663491692394,1.0120323840528727,0.108119212964084,6.0,0.0,23.082989872028627,0.7952321767807007,0.0,0.8571428571428571,0.0
POV_L05_ADAPTIVE_NO_LAST,4,3,1.0,0.0,-0.007939948385314463,0.0,0.06448404159545884,0.7814121246337891,0.2806223308288929,3.2957716056096267,1.5577401409391027,0.03622619410321182,36.22619410321182,7908.385922336158,0.17774252375643623,0.6573919364897131,1.2291698749759234,0.048043192888144404,1.108327579102479,0.11928310408256948,6.0,0.0,22.41857342014473,0.735383152961731,0.0,0.8571428571428571,0.0
POV_L05_ADAPTIVE_NO_LAST,4,4,1.0,0.0,-0.014254179134888176,0.0,0.07754908170700059,0.6529462337493896,0.31324184949546824,3.140297605928601,1.5557025901777561,0.04067495108479087,40.67495108479088,8137.531000726002,0.24625352397798023,0.7515373053615223,1.1525590600213036,0.04871968802763149,1.0298136950586922,0.11225713189924136,6.0,0.0,24.973576353109884,0.8951899409294128,0.0,0.8571428571428571,0.0
POV_L05_ADAPTIVE_NO_LAST,4,5,1.0,0.0,-0.009105840758447614,0.0,0.12318969931602464,0.5091917514801025,0.27319253440442437,3.28726594853173,1.5469760075275896,0.04482630511402455,44.82630511402456,9598.387866008141,0.14510231350514885,0.6408996817472692,1.4199189890059642,0.04837849806062877,1.2984244950348511,0.13725069910287857,6.0,0.0,21.90879025537678,0.714886486530304,0.0,0.8571428571428571,0.0
POV_L05_ADAPTIVE_NO_LAST,4,6,1.0,0.0,-2.9444615272183894e-05,0.0,0.07835948514938318,2.646799087524414,0.24708045340799636,3.3172192806341245,1.5873947138099207,0.04699045626504611,46.99045626504611,9845.162667948096,0.1606414009438592,0.6296415942075355,1.4076676599797793,0.047817184997256845,1.2872653439408168,0.13604446296812966,6.0,0.0,21.944084512975216,0.6876879930496216,0.0,0.8571428571428571,0.0
POV_L05_ADAPTIVE_NO_LAST,4,7,1.0,0.0,-0.017706209178142404,0.0,0.09975449409484849,0.9982597827911377,0.31484884020580445,3.2272764264981397,1.5321699551728998,0.04825157885295857,48.25157885295857,10227.975705991286,0.20853239224439762,0.6883187434825634,1.504346895031631,0.04796878789784387,1.3837424249504693,0.14730335195781663,6.0,0.0,24.551768861935294,0.9253696799278259,0.0,0.8571428571428571,0.0
POV_L05_ADAPTIVE_NO_LAST,4,8,1.0,0.0,-0.01255701475364139,0.0,0.10813490715026841,1.03446364402771,0.2744008890999034,3.284234537433946,1.6012087407664104,0.04116421492058053,41.164214920580534,8150.197343285698,0.15470515024906967,0.6173605161199122,1.3161824269918725,0.04778799298219383,1.1959255270194262,0.12613545404747128,6.0,0.0,24.829624686272652,0.8797953724861145,0.0,0.8571428571428571,0.0
POV_L05_ADAPTIVE_NO_LAST,4,9,0.0,0.0,0.014928687239913835,0.0,0.10551170673370347,0.057108402252197266,0.22408359525999644,3.3211634173981555,1.561387570979743,0.02926109607723174,29.261096077231738,3881.020975890806,0.155912009953372,0.593420386323984,1.2289322250289842,0.0477362519595772,1.108789877849631,0.12131280696485192,6.0,0.0,23.50711744820069,0.7892027497291565,0.0,0.8571428571428571,0.0
POV_L05_ADAPTIVE_NO_LAST,4,10,0.0,0.0,0.0047844976674647904,0.0,0.07369936671257005,1.8575859069824219,0.24440461241318132,3.31762751668269,1.5794236773898045,0.03348204768273738,33.48204768273738,6317.229100896416,0.1379624734095125,0.6577924030944627,1.1336425349581987,0.047650527907535434,1.0137098930426873,0.10819225595332682,6.0,0.0,23.552709467819458,0.7929922342300415,0.0,0.8571428571428571,0.0
POV_L05_ADAPTIVE_NO_LAST,4,11,1.0,0.0,-0.0057441411670795806,0.0,0.24333999719619737,0.9963822364807129,0.27566815226458674,3.215880470051021,1.5592627814910587,0.0466065704074729,46.6065704074729,11131.481063821697,0.19434825839832603,0.7361889959735435,1.1422549579874612,0.048053893086034805,1.0215341370203532,0.11366753705078736,6.0,0.0,25.057254152357636,0.8993134498596191,0.0,0.8571428571428571,0.0
POV_L05_ADAPTIVE_NO_LAST,4,12,1.0,0.0,-0.006146989462549407,0.0,0.04905984964370713,1.374359130859375,0.2227413631420574,3.3243914225793265,1.6256768102935155,0.037832565188410355,37.832565188410356,7573.841670300728,0.15111808265476773,0.6212633768748222,1.2270879760035314,0.0480188190122135,1.1065486080478877,0.11777223594253883,6.0,0.0,20.87199282260363,0.6869367957115173,0.0,0.8571428571428571,0.0
POV_L05_ADAPTIVE_NO_LAST,4,13,1.0,0.0,-0.01396496610955926,0.0,0.21224678721427903,1.430041790008545,0.2733060604020845,3.2558818883799834,1.5535426978982974,0.04483203334412899,44.832033344128995,9765.96231627777,0.1810068681204069,0.6563642901393854,1.4110577629762702,0.047829195915255696,1.2907105399644934,0.13771849719341844,6.0,0.0,21.274642866383676,0.7833436131477356,0.0,0.8571428571428571,0.0
POV_L05_ADAPTIVE_NO_LAST,4,14,1.0,0.0,-0.0029888756459984095,0.0,0.08268975880146012,0.08272647857666016,0.2446147434397741,3.235711105194584,1.5786677162184557,0.03268475617230482,32.68475617230482,6136.798325293457,0.18982326722114892,0.6829803943941994,0.9576775640016422,0.04796219797572121,0.8368555990746245,0.09145873988745734,6.0,0.0,22.641376419637353,0.8090828657150269,0.0,0.8571428571428571,0.0
POV_L05_ADAPTIVE_NO_LAST,4,15,0.0,0.0,0.005278434802170676,0.0,0.051882427597045755,1.04705810546875,0.2582896266013305,3.2740226157577137,1.5419167469110795,0.04558101518575461,45.58101518575461,9424.80634708781,0.16181842834157242,0.6437430096786723,1.1383043930400163,0.04818892298499122,1.0174146360950544,0.10910907801007852,6.0,0.0,24.56439796289861,0.8179807066917419,0.0,0.8571428571428571,0.0
POV_L05_ADAPTIVE_NO_LAST,4,16,1.0,0.0,-0.014605190006609661,0.0,0.1731851067781447,0.7770669460296631,0.28932810714209267,3.2078921457490477,1.592959253607128,0.05127566172935594,51.275661729355946,12370.0255953048,0.21915608543341306,0.6801876130227918,1.4189024150255136,0.0480457489611581,1.2978821179713123,0.1394946801592596,6.0,0.0,25.532377620444525,0.9850688576698303,0.0,0.8571428571428571,0.0
POV_L05_ADAPTIVE_NO_LAST,4,17,1.0,0.0,-0.0067730045856201765,0.0,0.11636988487243638,1.4843088388442993,0.3055777216933209,3.1049511528152425,1.543093057005158,0.05632618667642854,56.32618667642854,14222.564327486922,0.24909467097743057,0.8286131078927877,1.416818180005066,0.04796624701702967,1.2961851610452868,0.1405141000286676,6.0,0.0,28.941815795990106,1.0093258619308472,0.0,0.8571428571428571,0.0
POV_L05_ADAPTIVE_NO_LAST,4,18,0.0,0.0,0.008617148943977429,0.0,0.15696392621994004,1.2108159065246582,0.22818562986029003,3.257704216120635,1.6043109629010792,0.034524175877419294,34.524175877419296,7043.1693713696295,0.19596582902119347,0.6798044127749616,1.505818085046485,0.04816638503689319,1.3850921540288255,0.1499064001836814,6.0,0.0,23.648583476821447,0.8201144337654114,0.0,0.8571428571428571,0.0
POV_L05_ADAPTIVE_NO_LAST,4,19,0.0,0.0,0.011622423026619158,0.0,0.10439113941192613,1.6609740257263184,0.3232499779322102,3.1378570767908425,1.4734723965443168,0.05564850227524348,55.64850227524349,8901.529795766457,0.24217544948531994,0.7789325719399102,1.0497642069822177,0.04790209699422121,0.9293174129561521,0.10349506401689723,6.0,0.0,26.047343340720815,1.0919281244277954,0.0,0.8571428571428571,0.0
POV_L05_ADAPTIVE_NO_LAST,4,20,0.0,0.0,0.004049765882717993,0.0,0.1266297813892363,0.5707693099975586,0.2491701646269083,3.3036519461537077,1.5904546220188187,0.03573221230246493,35.73221230246493,6386.45111837936,0.15988694297348638,0.5916763926880098,0.9531495030387305,0.04773477092385292,0.8329248840454966,0.09124975500162691,6.0,0.0,23.17251695573751,0.7183150053024292,0.0,0.8571428571428571,0.0
POV_L05_ADAPTIVE_NO_LAST,4,21,0.0,0.0,0.006702155896203113,0.0,0.12436614599227891,0.3034186363220215,0.2609169053455427,3.2845298571230668,1.5619022330510952,0.032253277420051074,32.25327742005108,5960.93218595245,0.14908505516005954,0.6369432867617428,1.1363411199999973,0.04779800301184878,1.015893814037554,0.11025222088210285,6.0,0.0,21.568297901171974,0.732900857925415,0.0,0.8571428571428571,0.0
POV_L05_ADAPTIVE_NO_LAST,4,22,0.0,0.0,0.0007250466359102481,0.0,0.11921362247467027,1.1890900135040283,0.24049803087014043,3.2233464825634885,1.594800806493912,0.041121205912242456,41.12120591224246,9015.510524639722,0.1726982550248462,0.6808273149828997,1.5035632840008475,0.0478072120458819,1.3832234820001759,0.1476277140318416,6.0,0.0,24.69502775460165,1.0397604703903198,0.0,0.8571428571428571,0.0
POV_L05_ADAPTIVE_NO_LAST,4,23,1.0,0.0,-0.0010239888532724145,0.0,0.06803856458663926,1.8945765495300293,0.29679425840807006,3.1788456979494417,1.5467767152521408,0.05074369357479469,50.74369357479469,10413.611233482277,0.20962056703983895,0.7488696651148219,1.2302492019953206,0.048127041081897914,1.1091967319953255,0.11665332410484552,6.0,0.0,22.334285294972375,0.9139193296432495,0.0,0.8571428571428571,0.0
POV_L05_ADAPTIVE_NO_LAST,4,24,1.0,0.0,-0.020844737025448125,0.0,0.18441842164993272,0.3077578544616699,0.22937158116844356,3.253902752063429,1.600128399787288,0.03542489769063972,35.424897690639725,6208.1946420073355,0.189002175801055,0.6266651098163151,1.046373167017009,0.047795573074836284,0.9261557079735212,0.1015689029591158,6.0,0.0,22.102485586140432,0.7410913705825806,0.0,0.8571428571428571,0.0
POV_L05_ADAPTIVE_NO_LAST,4,25,1.0,0.0,-0.0023131241108978323,0.0,0.14142410125732408,0.3725600242614746,0.22754167382195958,3.3378596396727755,1.6153728294855612,0.034836656933008636,34.83665693300863,6063.862308814177,0.14838907713338112,0.5866219104207298,1.0463978869956918,0.047880675934720784,0.9259753640508279,0.10161284194327891,6.0,0.0,19.993264806353,0.6916162967681885,0.0,0.8571428571428571,0.0
POV_L05_ADAPTIVE_NO_LAST,4,26,1.0,0.0,-0.011823832643412954,0.0,0.09744392004013047,1.2105178833007812,0.2814327487923747,3.240971252348253,1.5599905805869494,0.04096532923897252,40.965329238972515,8039.85940785088,0.18974241852873788,0.6627470143103723,1.1300881740171462,0.04793194599915296,1.009675319888629,0.10371908912202343,6.0,0.0,24.648199280409994,0.768605649471283,0.0,0.8571428571428571,0.0
POV_L05_ADAPTIVE_NO_LAST,4,27,1.0,0.0,-0.005019794607069514,0.0,0.11292458739280686,0.24707436561584473,0.2418436981803963,3.2743074504555887,1.607867566790446,0.03774093636834486,37.740936368344855,6557.299931395172,0.14380739264592995,0.6480748488685614,1.25030399201205,0.048467310902196914,1.1281834439723752,0.12363624497083947,6.0,0.0,21.82357847807432,0.7541799545288086,0.0,0.8571428571428571,0.0
POV_L05_ADAPTIVE_NO_LAST,4,28,1.0,0.0,-0.003636911469312651,0.0,0.11948400783538782,0.09551167488098145,0.23622762051312382,3.3198242886856715,1.5740166204728243,0.04096371811835958,40.96371811835959,8301.333004461203,0.16993768838583473,0.6237024077456623,1.5086982250213623,0.04806463001295924,1.3877184369484894,0.1481457821209915,6.0,0.0,21.61738966940329,0.7767909169197083,0.0,0.8571428571428571,0.0
POV_L05_ADAPTIVE_NO_LAST,4,29,1.0,0.0,-0.008856115144190865,0.0,0.30468569364547715,2.3742061853408813,0.34516697478152014,3.112578865518385,1.494322182960318,0.08202525029242815,82.02525029242815,22461.875730169348,0.24352760497401896,0.7757698737128412,1.793828932044562,0.04820162302348763,1.672081055934541,0.17742963589262217,6.0,0.0,23.011022387766833,0.8637933731079102,0.0,0.8571428571428571,0.0
POV_L05_ADAPTIVE_NO_LAST,4,30,1.0,0.0,-0.022913010448111046,0.0,0.14299855794906602,2.2635233402252197,0.30463991856684164,3.1807373320826824,1.5352020234376638,0.04138491067293004,41.38491067293004,8030.206366058223,0.23133379127424444,0.6916477225819901,1.2308111020247452,0.048095040081534535,1.1098270738730207,0.11763054807670414,6.0,0.0,24.437729993188725,0.8492598533630371,0.0,0.8571428571428571,0.0
POV_L05_ADAPTIVE_NO_LAST,4,31,1.0,0.0,-0.02121513141140556,0.0,0.20592258539199815,0.7233691215515137,0.24857329772351144,3.3362403030134153,1.6310546617014527,0.035245813175637714,35.245813175637714,6707.9691442399,0.1547222523790847,0.6339058462466154,1.2317613270133734,0.047995250031817704,1.1110667060129344,0.12102251808391884,6.0,0.0,22.663537752657298,0.7116379737854004,0.0,0.8571428571428571,0.0
POV_L05_ADAPTIVE_NO_LAST,5,0,0.0,0.0,0.12849629407568547,0.0,0.0,0.0,1.0149350598113105,1.0900685683496758,0.6652592827414832,0.01714100434245669,17.14100434245669,3957.8390934216222,0.08596676730101395,1.3677491612785122,0.7491214200272225,0.04660063306801021,0.6452296969364397,0.07012247492093593,4.0,0.0,16.83461714822327,0.09720993787050247,0.0,0.5714285714285714,0.0
POV_L05_ADAPTIVE_NO_LAST,5,1,0.0,0.0,0.11334930015707417,0.0,0.0,0.0,1.0093629696035988,1.0941771720189157,0.6474718065684282,0.04811741561633287,48.11741561633287,14246.870656318224,0.11194473687211878,1.337765052120439,1.1420675129629672,0.04800422803964466,1.021013191959355,0.11195716203656048,6.0,0.0,21.765290157376857,0.3949713408946991,0.0,0.8571428571428571,0.0
POV_L05_ADAPTIVE_NO_LAST,5,2,0.0,0.0,0.12743421779269298,0.0,0.0,0.0,1.0158250088557352,1.033043960945643,0.6295909303584326,0.017773985362460998,17.773985362460998,4231.128527263993,0.09647329537329985,1.3519286290399783,0.7600385429686867,0.04719020699849352,0.6480897899600677,0.07269849098520353,5.0,0.0,21.581562017144,0.20573586225509644,0.0,0.7142857142857143,0.0
POV_L05_ADAPTIVE_NO_LAST,5,3,0.0,0.0,0.11365746089726705,0.0,0.0,1.5402567386627197,0.9691470025057053,1.0135519754714057,0.5890007374240495,0.03838885508825918,38.388855088259184,9507.74809976753,0.1364571584268116,1.247622264150852,1.1365158569533378,0.04781009297585115,1.0158430670271628,0.11324078490724787,6.0,0.0,27.655063825096892,0.48509931564331055,0.0,0.8571428571428571,0.0
POV_L05_ADAPTIVE_NO_LAST,5,4,0.0,0.0,0.11265469125851815,0.0,0.0,0.0,0.9825690594365212,1.0537749769486071,0.6298602316577201,0.03795933680942021,37.959336809420215,10525.802594684297,0.13308505168767212,1.2771021677388243,1.141500155965332,0.04812377202324569,1.0202610429842025,0.11141181498533115,6.0,0.0,26.954764599227122,0.47147879004478455,0.0,0.8571428571428571,0.0
POV_L05_ADAPTIVE_NO_LAST,5,5,0.0,0.0,0.11608395176698974,0.0,0.0,2.044196128845215,0.9841973198651989,1.0633476141274154,0.630808329592569,0.0508803787269958,50.8803787269958,13047.39228771039,0.11736316261276394,1.2961432990625783,1.1446076959837228,0.04807892197277397,1.0232109859352931,0.113060049014166,6.0,0.0,24.22970206992482,0.40968650579452515,0.0,0.8571428571428571,0.0
POV_L05_ADAPTIVE_NO_LAST,5,6,0.0,0.0,0.12392924984929218,0.0,0.0,0.42359352111816406,1.0079107014178728,1.0125591539859427,0.619429975413292,0.0318026014868833,31.8026014868833,8327.30916694171,0.1202138874618681,1.3073456212833838,1.0455561699927785,0.04805110098095611,0.9249248108826578,0.10132964502554387,6.0,0.0,23.094651669635176,0.43071433901786804,0.0,0.8571428571428571,0.0
POV_L05_ADAPTIVE_NO_LAST,5,7,0.0,0.0,0.11275008623677366,0.0,0.0,3.798491954803467,0.9734017992552825,1.1167520273671607,0.6860079356928183,0.0737813716594653,73.78137165946531,20744.26499938875,0.11796504748738677,1.3032729586362561,1.3221194740035571,0.048092881857883185,1.2013793820515275,0.13240445294650272,6.0,0.0,24.03988706868424,0.3984677195549011,0.0,0.8571428571428571,0.0
POV_L05_ADAPTIVE_NO_LAST,5,8,0.0,0.0,0.12944680912324297,0.0,0.0,0.8143496513366699,1.0251876934462292,1.0607775310432634,0.6354739709428066,0.040867661031795954,40.86766103179596,11093.160550265147,0.15953145145075395,1.3161992495691652,1.1371681410237215,0.04779121285537258,1.0165753460023552,0.1112673960160464,6.0,0.0,24.367976315481076,0.46459391713142395,0.0,0.8571428571428571,0.0
POV_L05_ADAPTIVE_NO_LAST,5,9,0.0,0.0,0.13838001786793325,0.0,0.0,0.0,1.0296564329095041,1.0016715341856914,0.6184260228810575,0.015646848682536962,15.646848682536962,3361.913857144838,0.09710203790390545,1.3670289215201148,0.9444337580353022,0.04726295894943178,0.8322826410876587,0.0901819069404155,5.0,0.0,23.19189406959866,0.19233806431293488,0.0,0.7142857142857143,0.0
POV_L05_ADAPTIVE_NO_LAST,5,10,0.0,0.0,0.12052493481222193,0.0,0.0,0.01549839973449707,0.9714285916450396,1.032820758058877,0.6379611220296922,0.028099222694459414,28.099222694459414,7665.139009234422,0.12587361003383843,1.2900242520115963,0.8609520260361023,0.04780171503080055,0.7404199300217442,0.08265561994630843,6.0,0.0,23.30821490239047,0.43964216113090515,0.0,0.8571428571428571,0.0
POV_L05_ADAPTIVE_NO_LAST,5,11,0.0,0.0,0.11817634149445885,0.0,0.0,0.929863452911377,1.0002266982202443,1.0291220272490889,0.609047682719302,0.038888184497333,38.888184497333,11481.613141844438,0.12903402846974474,1.295365967646472,1.0483332599978894,0.04808137193322182,0.9271638409700245,0.10307268990436569,6.0,0.0,27.006609033909875,0.4435642659664154,0.0,0.8571428571428571,0.0
POV_L05_ADAPTIVE_NO_LAST,5,12,0.0,0.0,0.13198535841077433,0.0,0.0,0.0,1.034499646580299,1.0451427111602554,0.628099984763601,0.01918865376607215,19.18865376607215,4769.737474920621,0.09740400021465935,1.371074000891559,0.8522643689648248,0.04732684005284682,0.7398414550116286,0.08277523296419531,5.0,0.0,20.662492513046043,0.1945819854736328,0.0,0.7142857142857143,0.0
POV_L05_ADAPTIVE_NO_LAST,5,13,0.0,0.0,0.1188144025771784,0.0,0.0,2.394123077392578,0.9983573650006597,1.033799283735542,0.6482836386582594,0.04666676586711205,46.66676586711205,14579.964880202124,0.1287830923285571,1.303938304575477,0.952979009016417,0.047797625069506466,0.8325785779743455,0.09288673609262332,6.0,0.0,24.771296313985772,0.44939863681793213,0.0,0.8571428571428571,0.0
POV_L05_ADAPTIVE_NO_LAST,5,14,0.0,0.0,0.13184967157726318,0.0,0.0,0.0,1.0306445330789429,1.035917894653847,0.6266052325305932,0.02176733285450272,21.76733285450272,5936.272978468081,0.08298313382558453,1.3715461820394519,0.5665476970025338,0.046413607080467045,0.4629969839588739,0.05201298400061205,4.0,0.0,16.113946752868195,0.15291868150234222,0.0,0.5714285714285714,0.0
POV_L05_ADAPTIVE_NO_LAST,5,15,0.0,0.0,0.11977330301187222,0.0,0.0,0.8812379837036133,0.9833663231101599,1.0689306415543647,0.6496398440428273,0.06748660344053281,67.4866034405328,20922.932189136918,0.1444663074665838,1.2532752308480952,1.2310624010278843,0.04787430603755638,1.1103763420251198,0.12007402494782582,6.0,0.0,27.476532391922536,0.5026353597640991,0.0,0.8571428571428571,0.0
POV_L05_ADAPTIVE_NO_LAST,5,16,0.0,0.0,0.13864794448384188,0.0,0.0,0.0,1.0489574268463668,1.037408432038241,0.6195173129905673,0.02186732399069946,21.86732399069946,5728.148375673126,0.09788584538265027,1.3723024385729343,0.8508483309997246,0.047195497900247574,0.7388714789994992,0.08081366296391934,5.0,0.0,21.177638501524612,0.20634788274765015,0.0,0.7142857142857143,0.0
POV_L05_ADAPTIVE_NO_LAST,5,17,0.0,0.0,0.11968943366871432,0.0,0.0,0.0,1.0100374638621201,1.0642213212377376,0.6475474242253995,0.026221080542408792,26.221080542408796,7144.720355977173,0.07872736831248082,1.3555429535600598,0.944929257966578,0.04713983502006158,0.8329362569493242,0.09145854698726907,5.0,0.0,19.208704347030896,0.18061953783035278,0.0,0.7142857142857143,0.0
POV_L05_ADAPTIVE_NO_LAST,5,18,0.0,0.0,0.13014486444530848,0.0,0.0,0.0,1.0102873332601763,0.9799987166057261,0.5637790257713842,0.030633152450513457,30.633152450513457,8792.30701956555,0.10728839978816415,1.3090317354738936,1.0581106710014865,0.04847661207895726,0.9359818449593149,0.10417125903768465,6.0,0.0,21.1357990963428,0.4240974485874176,0.0,0.8571428571428571,0.0
POV_L05_ADAPTIVE_NO_LAST,5,19,0.0,0.0,0.11673348291416172,0.0,0.0,2.403850555419922,0.976524696870179,1.094068554860101,0.6649064903216809,0.045488631714968086,45.488631714968086,11568.48848350709,0.12460083982710951,1.2841911941142026,1.154607571021188,0.048636723950039595,1.0320816040039062,0.112692758848425,6.0,0.0,23.14042583868188,0.42209532856941223,0.0,0.8571428571428571,0.0
POV_L05_ADAPTIVE_NO_LAST,5,20,0.0,0.0,0.13538385427831187,0.0,0.0,0.0,1.0278580445031111,1.037558776856692,0.6250334541983121,0.023321643336798203,23.321643336798207,6278.526337200141,0.09435246842295812,1.3613391169649829,0.8559534029918723,0.04745151393581182,0.7433032619883306,0.08293149789096788,5.0,0.0,19.425962798696222,0.17705689370632172,0.0,0.7142857142857143,0.0
POV_L05_ADAPTIVE_NO_LAST,5,21,0.0,0.0,0.12481146307904648,0.0,0.0,0.0,0.9936364656179385,1.0039293406866745,0.6318016710620946,0.03716433739988556,37.16433739988556,10424.670828183127,0.11702331077825821,1.2867273550449931,0.9545084959827363,0.048088752024341375,0.8334824579069391,0.09234791214112192,6.0,0.0,21.5412039682877,0.40280091762542725,0.0,0.8571428571428571,0.0
POV_L05_ADAPTIVE_NO_LAST,5,22,0.0,0.0,0.13382251988800517,0.0,0.0,0.6483030319213867,1.0134632224942983,1.0447551401259878,0.6374033869599882,0.04528095293955037,45.28095293955037,14786.559977781093,0.13149946835339651,1.322225930750168,1.3230627509765327,0.04795831808587536,1.2021848380682059,0.13364186603575945,6.0,0.0,25.373523371854702,0.43888041377067566,0.0,0.8571428571428571,0.0
POV_L05_ADAPTIVE_NO_LAST,5,23,0.0,0.0,0.11701309031536827,0.0,0.0,0.0,0.9702825622230511,1.0282047872923794,0.6306473899006243,0.03520122243637491,35.20122243637491,8853.534090515412,0.1181565999988217,1.2952912073747347,1.0520856240182184,0.04807099007302895,0.931019714102149,0.1039512061397545,6.0,0.0,26.227349270299626,0.41304323077201843,0.0,0.8571428571428571,0.0
POV_L05_ADAPTIVE_NO_LAST,5,24,0.0,0.0,0.12809645411079604,0.0,0.0,0.5426955223083496,1.0144092477804618,1.0461369390679007,0.5976001967090917,0.04808660716340629,48.08660716340629,13973.445586514808,0.14627673520533283,1.329277175812608,1.1369902210426517,0.048169440939091146,1.015977042960003,0.10900937707629055,6.0,0.0,22.64771458714397,0.4432617723941803,0.0,0.8571428571428571,0.0
POV_L05_ADAPTIVE_NO_LAST,5,25,0.0,0.0,0.1350701302070004,0.0,0.0,0.0,1.0489253181916083,1.035357076656867,0.6537939655295412,0.021055676975193727,21.05567697519373,5513.065710908195,0.10020702573010477,1.3822712516041042,0.7600275569711812,0.04731114098103717,0.6476229830295779,0.07006938097765669,5.0,0.0,19.73307486348826,0.19644702970981598,0.0,0.7142857142857143,0.0
POV_L05_ADAPTIVE_NO_LAST,5,26,0.0,0.0,0.12018735769969746,0.0,0.0,0.23666739463806152,0.9900670470013564,1.0467953552423699,0.6128783466714912,0.042833822039673564,42.83382203967357,12453.638677438406,0.14272249957697508,1.3036982471279324,0.8618884549941868,0.047787031973712146,0.7416939399554394,0.08236125210532919,6.0,0.0,26.514600783888106,0.4847419857978821,0.0,0.8571428571428571,0.0
POV_L05_ADAPTIVE_NO_LAST,5,27,0.0,0.0,0.1282783716852118,0.0,0.0,0.0,1.0281271846494127,1.0731014454850376,0.658327437258555,0.019377830681112762,19.377830681112762,4916.908909855701,0.09462111906801249,1.3763016236685037,0.7494650920270942,0.046393704949878156,0.6458984279888682,0.07064343598904088,4.0,0.0,15.445014233552289,0.10244616121053696,0.0,0.5714285714285714,0.0
POV_L05_ADAPTIVE_NO_LAST,5,28,0.0,0.0,0.1225237631215797,0.0,0.0,0.03413677215576172,1.0123843720590868,1.0400963156094074,0.6286000526953748,0.05371212646869861,53.71212646869861,16811.819092740345,0.14538253528355838,1.320646761136958,1.1378922139992937,0.04798690811730921,1.0168752660392784,0.1091515400330536,6.0,0.0,25.67402299099975,0.4187253415584564,0.0,0.8571428571428571,0.0
POV_L05_ADAPTIVE_NO_LAST,5,29,0.0,0.0,0.11011212891286906,0.0,0.0,2.8562259674072266,0.9754595988617455,1.1236930741895972,0.7030012667552384,0.07561686042609495,75.61686042609493,23717.072188539576,0.13423933167153132,1.2661975283797717,1.2353039369918406,0.04805247898912057,1.1139616310829297,0.12369832792319357,6.0,0.0,24.888709892107606,0.5194637775421143,0.0,0.8571428571428571,0.0
POV_L05_ADAPTIVE_NO_LAST,5,30,0.0,0.0,0.11814610626788072,0.0,0.0,1.0259044170379639,0.9806122075685015,1.023217131277461,0.6550878824662417,0.03927961863862883,39.27961863862884,9855.611537818731,0.11170482706526287,1.2911042081159168,1.2359515730058774,0.04802770109381527,1.114581266825553,0.12085834296885878,6.0,0.0,24.05486123592206,0.4112350642681122,0.0,0.8571428571428571,0.0
POV_L05_ADAPTIVE_NO_LAST,5,31,0.0,0.0,0.12646700900894134,0.0,0.0,0.0,1.0167222923127555,1.0338660290989647,0.6444698194729686,0.043695970921549865,43.69597092154987,13140.189669180558,0.12740120680534386,1.3087480173895925,1.1369856980163604,0.04792472702683881,1.0165426240419038,0.11306976102059707,6.0,0.0,25.029663781272088,0.4761190116405487,0.0,0.8571428571428571,0.0
