method,metric,count,mean,std,median,ci95_low,ci95_high,numerator,denominator
PLAIN_FM,min_ade,2253,0.1703864869043021,0.11466892143809707,0.14683189988136292,0.16565147360554086,0.17512150020306336,,
PLAIN_FM,min_fde,2253,0.29640994674728294,0.24306673312044308,0.2524324357509613,0.28637301433894014,0.30644687915562574,,
PLAIN_FM,avg_ade,2253,0.8235059287671878,0.2518146738996129,0.760940670967102,0.8131077684393122,0.8339040890950633,,
PLAIN_FM,viol_sample_rate,2253,0.0011762095308547225,0.02047811177006028,0.0,0.00033060873206200013,0.002021810329647445,,
PLAIN_FM,viol_any,2253,0.004882379050155349,0.06971871240198896,0.0,0.002003490627243474,0.007761267473067223,,
PLAIN_FM,viol_sample_rate_raw_anchor,2253,0.0011762095308547225,0.02047811177006028,0.0,0.00033060873206200013,0.002021810329647445,,
PLAIN_FM,max_viol,2253,0.002347400545068598,0.04371419765449208,0.0,0.0005423141742995291,0.0041524869158376665,,
PLAIN_FM,apd,2253,0.9889217610100984,0.1546278941796805,0.9808887243270874,0.982536725499884,0.9953067965203128,,
PLAIN_FM,anchor_clipped,2253,0.0,0.0,0.0,0.0,0.0,,
PLAIN_FM,correction_m,2253,0.0,0.0,0.0,0.0,0.0,,
PLAIN_FM,active_steps,2253,0.0,0.0,0.0,0.0,0.0,,
PLAIN_FM,admm_iters_mean,2253,0.0,0.0,0.0,0.0,0.0,,
PLAIN_FM,admm_residual_max,2253,0.0,0.0,0.0,0.0,0.0,,
PLAIN_FM,latency_s,2253,0.007717479130726918,0.00018920015694238865,0.007700412674807012,0.007709666505928371,0.0077252917555254656,,
PLAIN_FM,terminal_raw_shift_m,2253,0.0,0.0,0.0,0.0,0.0,,
PLAIN_FM,distortion_vs_plain_m,2253,0.0,0.0,0.0,0.0,0.0,,
PLAIN_FM,proj_fail_rate,2253,0.0,0.0,0.0,0.0,0.0,,
PLAIN_FM,avg_fde,2253,1.79922442784375,0.5557481868005908,1.6650888919830322,1.7762759687297969,1.822172886957703,,
PLAIN_FM,kde_nll,2253,0.3802432812668712,1.0346930017733653,0.15096798539161682,0.33751779765641515,0.4229687648773272,,
PLAIN_FM,col010_sample_rate,2253,0.030936529634200464,0.04637730485826661,0.0,0.02902147582092164,0.032851583447479286,,
PLAIN_FM,col010_any,2253,0.40035508211273857,0.4900790688798431,0.0,0.380118291886685,0.42059187233879214,,
PLAIN_FM,col020_sample_rate,2253,0.08171327275054961,0.09761040906236397,0.05000000074505806,0.07768265504514696,0.08574389045595227,,
PLAIN_FM,col020_any,2253,0.6120727918331114,0.4873860116596684,1.0,0.591947205772859,0.6321983778933637,,
FINAL_PROJECTION,min_ade,2253,0.17028848229121224,0.11458076371406722,0.1468314528465271,0.16555710928129677,0.1750198553011277,,
FINAL_PROJECTION,min_fde,2253,0.2963091521388514,0.24299077696004381,0.25243130326271057,0.2862753561813019,0.3063429480964009,,
FINAL_PROJECTION,avg_ade,2253,0.8233954513332233,0.25146731245973175,0.7609407305717468,0.8130116345695558,0.8337792680968908,,
FINAL_PROJECTION,viol_sample_rate,2253,0.0,0.0,0.0,0.0,0.0,,
FINAL_PROJECTION,viol_any,2253,0.0,0.0,0.0,0.0,0.0,,
FINAL_PROJECTION,viol_sample_rate_raw_anchor,2253,0.0,0.0,0.0,0.0,0.0,,
FINAL_PROJECTION,max_viol,2253,0.0,0.0,0.0,0.0,0.0,,
FINAL_PROJECTION,apd,2253,0.9886914413609189,0.153237918984737,0.9808887243270874,0.982363801969465,0.9950190807523728,,
FINAL_PROJECTION,anchor_clipped,2253,0.0,0.0,0.0,0.0,0.0,,
FINAL_PROJECTION,correction_m,2253,0.00019289694006402455,0.0001493150788220946,7.653048038482666e-05,0.00018673128615308345,0.00019906259397496566,,
FINAL_PROJECTION,active_steps,2253,1.0,0.0,1.0,1.0,1.0,,
FINAL_PROJECTION,admm_iters_mean,2253,205.61606746560142,74.43389934883523,215.0,202.54247525879188,208.68965967241095,,
FINAL_PROJECTION,admm_residual_max,2253,8.807090530163431e-06,2.6479372375857457e-06,9.583158961159739e-06,8.697749499681844e-06,8.916431560645017e-06,,
FINAL_PROJECTION,latency_s,2253,0.007818055500371875,0.00017250314999484522,0.007767401386983693,0.007810932343556061,0.007825178657187688,,
FINAL_PROJECTION,terminal_raw_shift_m,2253,4.181792859578139e-07,5.314034601090566e-08,4.1501982650515856e-07,4.159849665039744e-07,4.203736054116534e-07,,
FINAL_PROJECTION,distortion_vs_plain_m,2253,0.00019293184022293593,0.003747312562292312,6.195312835188815e-06,3.8194404878277925e-05,0.0003476692755675939,,
FINAL_PROJECTION,proj_fail_rate,2253,0.0,0.0,0.0,0.0,0.0,,
FINAL_PROJECTION,avg_fde,2253,1.7989924538680515,0.5549332892116947,1.6650898456573486,1.7760776442458017,1.8219072634903013,,
FINAL_PROJECTION,kde_nll,2253,0.3799968798201321,1.0344481882465577,0.15097928047180176,0.33728150527227657,0.4227122543679876,,
FINAL_PROJECTION,col010_sample_rate,2253,0.030936529634200464,0.04637730485826661,0.0,0.02902147582092164,0.032851583447479286,,
FINAL_PROJECTION,col010_any,2253,0.40035508211273857,0.4900790688798431,0.0,0.380118291886685,0.42059187233879214,,
FINAL_PROJECTION,col020_sample_rate,2253,0.08171327275054961,0.09761040906236397,0.05000000074505806,0.07768265504514696,0.08574389045595227,,
FINAL_PROJECTION,col020_any,2253,0.6120727918331114,0.4873860116596684,1.0,0.591947205772859,0.6321983778933637,,
FINAL_PROJECTION,paired_delta_min_ade_vs_plain,2253,-9.800461308986835e-05,0.0027149172218684185,-4.470348358154297e-08,-0.0002101114419442992,1.4102215764562502e-05,,
FINAL_PROJECTION,paired_delta_min_fde_vs_plain,2253,-0.0001007946084315082,0.003026333500674278,0.0,-0.00022576072124102982,2.417150437801343e-05,,
FINAL_PROJECTION,paired_delta_apd_vs_plain,2253,-0.00023031964917951195,0.004544883971292848,0.0,-0.00041799112786361134,-4.264817049541255e-05,,
YFLOW,min_ade,2253,0.17028847899200306,0.1145807634545273,0.146832674741745,0.16555710599280474,0.17501985199120138,,
YFLOW,min_fde,2253,0.29630918234276277,0.2429906602320678,0.2524312734603882,0.2862753912052509,0.3063429734802746,,
YFLOW,avg_ade,2253,0.82339539061744,0.25146732391299703,0.7609407305717468,0.813011573380834,0.8337792078540461,,
YFLOW,viol_sample_rate,2253,0.0,0.0,0.0,0.0,0.0,,
YFLOW,viol_any,2253,0.0,0.0,0.0,0.0,0.0,,
YFLOW,viol_sample_rate_raw_anchor,2253,0.0,0.0,0.0,0.0,0.0,,
YFLOW,max_viol,2253,0.0,0.0,0.0,0.0,0.0,,
YFLOW,apd,2253,0.9886913346387098,0.15323790104933813,0.9808887839317322,0.9823636959878608,0.9950189732895589,,
YFLOW,anchor_clipped,2253,0.0,0.0,0.0,0.0,0.0,,
YFLOW,correction_m,2253,0.00022275737230972563,0.00014536605405032928,0.00011031716664632161,0.00021675478511796998,0.0002287599595014813,,
YFLOW,active_steps,2253,6.0,0.0,6.0,6.0,6.0,,
YFLOW,admm_iters_mean,2253,56.69522118656606,5.944933756228513,51.666666666666664,56.4497375799971,56.94070479313502,,
YFLOW,admm_residual_max,2253,0.0009548425114964584,3.6232895682867584e-05,0.0009534120307999085,0.0009533463498446404,0.0009563386731482763,,
YFLOW,latency_s,2253,0.007929401727673535,0.00033155426396532656,0.007813709445297717,0.007915710887736715,0.007943092567610355,,
YFLOW,terminal_raw_shift_m,2253,5.785801708189973e-07,1.2777337670815168e-06,4.199886234346195e-07,5.258188270866994e-07,6.313415145512952e-07,,
YFLOW,distortion_vs_plain_m,2253,0.00019651809131860038,0.003747215193030694,6.7042919908999465e-06,4.17846766339684e-05,0.0003512515060032324,,
YFLOW,proj_fail_rate,2253,0.0,0.0,0.0,0.0,0.0,,
YFLOW,avg_fde,2253,1.7989925042396644,0.5549333162735018,1.6650896072387695,1.776077693499954,1.8219073149793747,,
YFLOW,kde_nll,2253,0.37999638759016396,1.0344483526673716,0.15097300708293915,0.3372810062528948,0.4227117689274331,,
YFLOW,col010_sample_rate,2253,0.030936529634200464,0.04637730485826661,0.0,0.02902147582092164,0.032851583447479286,,
YFLOW,col010_any,2253,0.40035508211273857,0.4900790688798431,0.0,0.380118291886685,0.42059187233879214,,
YFLOW,col020_sample_rate,2253,0.08171327275054961,0.09761040906236397,0.05000000074505806,0.07768265504514696,0.08574389045595227,,
YFLOW,col020_any,2253,0.6120727918331114,0.4873860116596684,1.0,0.591947205772859,0.6321983778933637,,
YFLOW,paired_delta_min_ade_vs_plain,2253,-9.80079122990555e-05,0.002714896744588278,-7.450580596923828e-08,-0.00021011389558702793,1.4098070988916947e-05,,
YFLOW,paired_delta_min_fde_vs_plain,2253,-0.00010076440452018077,0.003026273046339357,0.0,-0.00022572802099437257,2.419921195401104e-05,,
YFLOW,paired_delta_apd_vs_plain,2253,-0.00023042637138857716,0.004544825622845522,0.0,-0.0004180954406955709,-4.2757302081583446e-05,,
CONST_VEL,min_ade,2253,0.43132345891326457,0.3705331229199181,0.323462575674057,0.4160230685140709,0.44662384931245824,,
CONST_VEL,min_fde,2253,0.9604228221899919,0.8340689697626681,0.7170438170433044,0.9259816884077897,0.994863955972194,,
CONST_VEL,avg_ade,2253,0.43132345891326457,0.3705331229199181,0.323462575674057,0.4160230685140709,0.44662384931245824,,
CONST_VEL,viol_sample_rate,2253,0.0,0.0,0.0,0.0,0.0,,
CONST_VEL,viol_any,2253,0.0,0.0,0.0,0.0,0.0,,
CONST_VEL,viol_sample_rate_raw_anchor,2253,0.0,0.0,0.0,0.0,0.0,,
CONST_VEL,max_viol,2253,0.0,0.0,0.0,0.0,0.0,,
CONST_VEL,apd,2253,0.0,0.0,0.0,0.0,0.0,,
CONST_VEL,anchor_clipped,2253,0.0,0.0,0.0,0.0,0.0,,
CONST_VEL,correction_m,2253,0.0,0.0,0.0,0.0,0.0,,
CONST_VEL,active_steps,2253,0.0,0.0,0.0,0.0,0.0,,
CONST_VEL,admm_iters_mean,2253,0.0,0.0,0.0,0.0,0.0,,
CONST_VEL,admm_residual_max,2253,0.0,0.0,0.0,0.0,0.0,,
CONST_VEL,latency_s,2253,0.0,0.0,0.0,0.0,0.0,,
CONST_VEL,terminal_raw_shift_m,2253,0.0,0.0,0.0,0.0,0.0,,
CONST_VEL,proj_fail_rate,2253,0.0,0.0,0.0,0.0,0.0,,
CONST_VEL,avg_fde,2253,0.9604228221899919,0.8340689697626681,0.7170438170433044,0.9259816884077897,0.994863955972194,,
CONST_VEL,col010_sample_rate,2253,0.02174877940523746,0.14589454239148086,0.0,0.015724369392684248,0.027773189417790674,,
CONST_VEL,col010_any,2253,0.02174877940523746,0.14589454239148086,0.0,0.015724369392684248,0.027773189417790674,,
CONST_VEL,col020_sample_rate,2253,0.056369285397248114,0.23068465241713068,0.0,0.04684364511637308,0.06589492567812315,,
CONST_VEL,col020_any,2253,0.056369285397248114,0.23068465241713068,0.0,0.04684364511637308,0.06589492567812315,,
CONST_VEL,paired_delta_min_ade_vs_plain,2253,0.2609369720089625,0.2945850800016889,0.18094155937433243,0.24877269720868322,0.27310124680924175,,
CONST_VEL,paired_delta_min_fde_vs_plain,2253,0.6640128754427089,0.6910470137605318,0.4716774523258209,0.6354775342256749,0.692548216659743,,
CONST_VEL,paired_delta_apd_vs_plain,2253,-0.9889217610100984,0.1546278941796805,-0.9808887243270874,-0.9953067965203128,-0.982536725499884,,
PLAIN_FM,min_ade|gt_feasible,2239,0.1680486293164568,0.10858742400310196,0.14637699723243713,0.16355074216480595,0.17254651646810767,,
PLAIN_FM,min_fde|gt_feasible,2239,0.2916325247048327,0.23115445502216594,0.2511064112186432,0.28205768983941254,0.30120735957025285,,
PLAIN_FM,apd|gt_feasible,2239,0.9869088307455641,0.15233483366425532,0.9799574017524719,0.9805988469018756,0.9932188145892527,,
PLAIN_FM,viol_sample_rate|gt_feasible,2239,0.0010049129341691133,0.02000043556641261,0.0,0.00017645878317075643,0.00183336708516747,,
PLAIN_FM,col020_sample_rate|gt_feasible,2239,0.08204555761546575,0.09777057290685595,0.05000000074505806,0.07799572396553286,0.08609539126539864,,
FINAL_PROJECTION,min_ade|gt_feasible,2239,0.1679499382204108,0.10849151084288326,0.14637702703475952,0.16345602396502285,0.17244385247579874,,
FINAL_PROJECTION,min_fde|gt_feasible,2239,0.29153108134707284,0.23107194017868155,0.25110095739364624,0.28195966439544645,0.30110249829869923,,
FINAL_PROJECTION,apd|gt_feasible,2239,0.9866925524568494,0.15097838995357887,0.9799574613571167,0.9804387549606519,0.9929463499530469,,
FINAL_PROJECTION,viol_sample_rate|gt_feasible,2239,0.0,0.0,0.0,0.0,0.0,,
FINAL_PROJECTION,col020_sample_rate|gt_feasible,2239,0.08204555761546575,0.09777057290685595,0.05000000074505806,0.07799572396553286,0.08609539126539864,,
FINAL_PROJECTION,paired_delta_min_ade_vs_plain|gt_feasible,2239,-9.869109604602523e-05,0.0027233806066900446,-4.470348358154297e-08,-0.00021149843770960854,1.4116245617558097e-05,,
FINAL_PROJECTION,paired_delta_min_fde_vs_plain|gt_feasible,2239,-0.00010144335775985123,0.0030357731268843514,0.0,-0.0002271905616197573,2.4303846100054834e-05,,
FINAL_PROJECTION,paired_delta_apd_vs_plain|gt_feasible,2239,-0.0002162782887147441,0.00453289975962096,0.0,-0.0004040391806937086,-2.851739673577955e-05,,
YFLOW,min_ade|gt_feasible,2239,0.16794993253794963,0.10849150349058226,0.14637663960456848,0.16345601858710726,0.172443846488792,,
YFLOW,min_fde|gt_feasible,2239,0.2915311344476419,0.23107187351187963,0.25110238790512085,0.28195972025747484,0.30110254863780894,,
YFLOW,apd|gt_feasible,2239,0.9866924466645947,0.15097837660555258,0.9799574017524719,0.9804386497212965,0.9929462436078929,,
YFLOW,viol_sample_rate|gt_feasible,2239,0.0,0.0,0.0,0.0,0.0,,
YFLOW,col020_sample_rate|gt_feasible,2239,0.08204555761546575,0.09777057290685595,0.05000000074505806,0.07799572396553286,0.08609539126539864,,
YFLOW,paired_delta_min_ade_vs_plain|gt_feasible,2239,-9.869677850717862e-05,0.0027233598802755125,-7.450580596923828e-08,-0.00021150326164525146,1.4109704630894224e-05,,
YFLOW,paired_delta_min_fde_vs_plain|gt_feasible,2239,-0.00010139025719075157,0.0030357134094505063,0.0,-0.0002271349874467308,2.435447306522766e-05,,
YFLOW,paired_delta_apd_vs_plain|gt_feasible,2239,-0.0002163840809694727,0.004532835298851302,0.0,-0.0004041423028669772,-2.8625859071968243e-05,,
CONST_VEL,min_ade|gt_feasible,2239,0.425016127610133,0.35670099161406743,0.3230239748954773,0.4102409285307607,0.4397913266895053,,
CONST_VEL,min_fde|gt_feasible,2239,0.945782193562626,0.8040241835545917,0.7134883999824524,0.9124780602522763,0.9790863268729758,,
CONST_VEL,apd|gt_feasible,2239,0.0,0.0,0.0,0.0,0.0,,
CONST_VEL,viol_sample_rate|gt_feasible,2239,0.0,0.0,0.0,0.0,0.0,,
CONST_VEL,col020_sample_rate|gt_feasible,2239,0.056721750781598926,0.23136183999460935,0.0,0.04713832565619645,0.0663051759070014,,
CONST_VEL,paired_delta_min_ade_vs_plain|gt_feasible,2239,0.2569674982936762,0.2867892722692565,0.1803756207227707,0.2450881688518585,0.26884682773549395,,
CONST_VEL,paired_delta_min_fde_vs_plain|gt_feasible,2239,0.6541496688577935,0.6714715809205464,0.4693503975868225,0.6263361036659814,0.6819632340496056,,
CONST_VEL,paired_delta_apd_vs_plain|gt_feasible,2239,-0.9869088307455641,0.15233483366425532,-0.9799574017524719,-0.9932188145892527,-0.9805988469018756,,
PLAIN_FM,min_ade|gt_infeasible,14,0.5442767111318452,0.31050079252330043,0.45566098392009735,0.38162644937968937,0.706926972884001,,
PLAIN_FM,min_fde|gt_infeasible,14,1.0604562291077204,0.6352399891305279,0.8960242867469788,0.7276971734290991,1.3932152847863417,,
PLAIN_FM,apd|gt_infeasible,14,1.3108468226024084,0.1860638905451652,1.2862736582756042,1.2133805963365782,1.4083130488682385,,
PLAIN_FM,viol_sample_rate|gt_infeasible,14,0.028571429529360363,0.05447048002949959,0.0,3.8047174470420136e-05,0.0571048118842503,,
PLAIN_FM,col020_sample_rate|gt_infeasible,14,0.028571428997176036,0.042581531997146274,0.0,0.0062658584739577715,0.0508769995203943,,
FINAL_PROJECTION,min_ade|gt_infeasible,14,0.5442884947572436,0.3104917314588242,0.45566098392009735,0.38164297948092396,0.7069340100335633,,
FINAL_PROJECTION,min_fde|gt_infeasible,14,1.0604591880525862,0.6352389681003016,0.896050363779068,0.7277006672223053,1.393217708882867,,
FINAL_PROJECTION,apd|gt_infeasible,14,1.3083708882331848,0.18132835391710386,1.2862717509269714,1.2133852877520162,1.4033564887143535,,
FINAL_PROJECTION,viol_sample_rate|gt_infeasible,14,0.0,0.0,0.0,0.0,0.0,,
FINAL_PROJECTION,col020_sample_rate|gt_infeasible,14,0.028571428997176036,0.042581531997146274,0.0,0.0062658584739577715,0.0508769995203943,,
FINAL_PROJECTION,paired_delta_min_ade_vs_plain|gt_infeasible,14,1.1783625398363387e-05,3.276280629574778e-05,4.470348358154297e-08,-5.3785820679466e-06,2.8945832864673375e-05,,
FINAL_PROJECTION,paired_delta_min_fde_vs_plain|gt_infeasible,14,2.9589448656354634e-06,1.445081689836597e-05,-4.76837158203125e-07,-4.610855945340959e-06,1.0528745676611885e-05,,
FINAL_PROJECTION,paired_delta_apd_vs_plain|gt_infeasible,14,-0.0024759343692234586,0.005958932208961589,0.0,-0.005597413949595939,0.0006455452111490219,,
YFLOW,min_ade|gt_infeasible,14,0.5442888726081166,0.31049165961639835,0.4556609243154526,0.3816433949651611,0.7069343502510722,,
YFLOW,min_fde|gt_infeasible,14,1.0604555564267295,0.6352401814725285,0.8960343599319458,0.7276963999932068,1.3932147128602521,,
YFLOW,apd|gt_infeasible,14,1.308370632784707,0.1813279257044977,1.286271572113037,1.213385256615019,1.4033560089543953,,
YFLOW,viol_sample_rate|gt_infeasible,14,0.0,0.0,0.0,0.0,0.0,,
YFLOW,col020_sample_rate|gt_infeasible,14,0.028571428997176036,0.042581531997146274,0.0,0.0062658584739577715,0.0508769995203943,,
YFLOW,paired_delta_min_ade_vs_plain|gt_infeasible,14,1.2161476271493094e-05,3.400129569956357e-05,7.450580596923828e-08,-5.649491618488899e-06,2.9972444161475086e-05,,
YFLOW,paired_delta_min_fde_vs_plain|gt_infeasible,14,-6.726809910365514e-07,7.065889389079692e-06,-1.0728836059570312e-06,-4.374020202785422e-06,3.0286582207123187e-06,,
YFLOW,paired_delta_apd_vs_plain|gt_infeasible,14,-0.002476189817701067,0.005959603738657571,-5.960464477539063e-08,-0.005598021166840185,0.0006456415314380504,,
CONST_VEL,min_ade|gt_infeasible,14,1.4400459437498025,0.8814430540595267,1.7217374444007874,0.9783178357558651,1.90177405174374,,
CONST_VEL,min_fde|gt_infeasible,14,3.301877643380846,1.8113208705463106,4.077028155326843,2.3530497472672085,4.250705539494484,,
CONST_VEL,apd|gt_infeasible,14,0.0,0.0,0.0,0.0,0.0,,
CONST_VEL,viol_sample_rate|gt_infeasible,14,0.0,0.0,0.0,0.0,0.0,,
CONST_VEL,col020_sample_rate|gt_infeasible,14,0.0,0.0,0.0,0.0,0.0,,
CONST_VEL,paired_delta_min_ade_vs_plain|gt_infeasible,14,0.8957692326179573,0.6610438424478569,1.0863640308380127,0.5494932919672538,1.2420451732686608,,
CONST_VEL,paired_delta_min_fde_vs_plain|gt_infeasible,14,2.241421414273126,1.5522805106993816,2.8006682991981506,1.4282871567846265,3.0545556717616256,,
CONST_VEL,paired_delta_apd_vs_plain|gt_infeasible,14,-1.3108468226024084,0.1860638905451652,-1.2862736582756042,-1.4083130488682385,-1.2133805963365782,,
GT,viol_any,2253,0.006213936972924989,0.0,0.006213936972924989,0.006213936972924989,0.006213936972924989,,
GT,col020_any,2253,0.0,0.0,0.0,0.0,0.0,,
GT,viol_any_raw_anchor,2253,0.006213936972924989,0.0,0.006213936972924989,0.006213936972924989,0.006213936972924989,,
